code,model,n,rmse,mae,hit,r2_oos_vs_mean,dm_vs_ar1,dm_p
buyout,mean,57,0.0378724,0.0269064,0.859649,0,0.261524,0.794648
buyout,ar1,57,0.0371783,0.0262231,0.842105,0.0363198,,
buyout,ols,57,0.0219111,0.0179236,0.964912,0.665281,-2.33239,0.0233003
buyout,ridge_dl,57,0.0234159,0.0183169,0.947368,0.617727,-2.18699,0.0329364
buyout,ss_kalman,57,0.0219098,0.0179803,0.929825,0.66532,-2.27455,0.0267837
buyout,ensemble,57,0.0212653,0.0164316,0.947368,0.684721,-2.40081,0.0197057
vc,mean,57,0.0709319,0.0487359,0.842105,0,2.23912,0.0291386
vc,ar1,57,0.0546532,0.0387047,0.789474,0.406327,,
vc,ols,57,0.0469922,0.0298617,0.912281,0.561097,-2.09314,0.0408789
vc,ridge_dl,57,0.0523162,0.0312913,0.912281,0.456014,-0.560312,0.577502
vc,ss_kalman,57,0.0469287,0.0295791,0.894737,0.562284,-2.26389,0.0274738
vc,ensemble,57,0.0487763,0.0298132,0.877193,0.527139,-1.94546,0.0567463
fof_secondary,mean,57,0.0402944,0.0278979,0.877193,0,2.05723,0.0443329
fof_secondary,ar1,57,0.0365438,0.0239179,0.894737,0.177495,,
fof_secondary,ols,57,0.0319972,0.0234538,0.894737,0.369429,-1.15175,0.254317
fof_secondary,ridge_dl,57,0.0341663,0.0220588,0.912281,0.281035,-0.715611,0.477205
fof_secondary,ss_kalman,57,0.0316354,0.0234638,0.894737,0.383608,-1.25713,0.213925
fof_secondary,ensemble,57,0.0314154,0.0217395,0.877193,0.392149,-1.78749,0.0792706
fof_primary,mean,57,0.0413854,0.0287592,0.842105,0,1.66841,0.100817
fof_primary,ar1,57,0.0326741,0.0236805,0.859649,0.37668,,
fof_primary,ols,57,0.0238372,0.0169597,0.894737,0.668248,-2.23377,0.0295098
fof_primary,ridge_dl,57,0.0268561,0.0176211,0.912281,0.578895,-1.80838,0.0759179
fof_primary,ss_kalman,57,0.0239253,0.0169153,0.894737,0.66579,-2.24539,0.0287093
fof_primary,ensemble,57,0.0243117,0.0164296,0.894737,0.654909,-2.46636,0.0167366
senior_loan,mean,44,0.017527,0.0134461,0.840909,0,-0.581219,0.564127
senior_loan,ar1,44,0.0176532,0.0132094,0.840909,-0.014455,,
senior_loan,ols,44,0.0188035,0.0144103,0.818182,-0.150966,0.417714,0.678234
senior_loan,ridge_dl,44,0.0149075,0.0123346,0.818182,0.276574,-1.03165,0.308005
senior_loan,ss_kalman,44,0.0183062,0.0142326,0.818182,-0.0908939,0.244921,0.807683
senior_loan,ensemble,44,0.0150764,0.0124988,0.840909,0.260092,-0.880552,0.383455
mezzanine,mean,57,0.0339169,0.0208726,0.842105,0,-0.426522,0.671363
mezzanine,ar1,57,0.0352275,0.019811,0.824561,-0.0787771,,
mezzanine,ols,57,0.0194349,0.0157383,0.912281,0.671655,-1.46124,0.149539
mezzanine,ridge_dl,57,0.0202636,0.0155626,0.877193,0.643056,-1.56608,0.122963
mezzanine,ss_kalman,57,0.0189752,0.0153006,0.912281,0.687002,-1.46751,0.147833
mezzanine,ensemble,57,0.0173779,0.0142665,0.912281,0.737479,-1.57133,0.121739
apac_equity,mean,57,0.0400213,0.0297311,0.77193,0,-0.620647,0.53735
apac_equity,ar1,57,0.0416453,0.0311747,0.736842,-0.0828006,,
apac_equity,ols,57,0.0317103,0.0256678,0.877193,0.372205,-1.87662,0.0657839
apac_equity,ridge_dl,57,0.0332947,0.0248587,0.859649,0.307901,-1.81879,0.0742916
apac_equity,ss_kalman,57,0.0316497,0.0256256,0.877193,0.374602,-1.91545,0.0605464
apac_equity,ensemble,57,0.0313394,0.0245859,0.877193,0.386806,-2.11753,0.0386686
hfri_fof_cons,mean,57,0.0191954,0.0126206,0.877193,0,-0.950527,0.345929
hfri_fof_cons,ar1,57,0.0202729,0.0127351,0.789474,-0.115419,,
hfri_fof_cons,ols,57,0.0100101,0.00790394,0.894737,0.728056,-2.13823,0.0368754
hfri_fof_cons,ridge_dl,57,0.00976507,0.00782227,0.912281,0.741204,-2.21783,0.0306402
hfri_fof_cons,ss_kalman,57,0.0100438,0.00777609,0.877193,0.726218,-2.11216,0.0391464
hfri_fof_cons,ensemble,57,0.0091862,0.00719043,0.877193,0.770978,-2.2688,0.0271538
msci_gpfi,mean,48,0.0260083,0.020836,0.708333,0,2.09299,0.0417743
msci_gpfi,ar1,48,0.0219652,0.016827,0.833333,0.286742,,
msci_gpfi,ols,48,0.0236183,0.0166712,0.770833,0.175341,0.483497,0.630988
msci_gpfi,ridge_dl,48,0.0220939,0.0171271,0.75,0.278361,0.0527113,0.958185
msci_gpfi,ss_kalman,48,0.0235752,0.0164556,0.770833,0.178351,0.473449,0.638085
msci_gpfi,ensemble,48,0.0217088,0.0159031,0.75,0.303295,-0.093432,0.925958
re_noncore,mean,57,0.0278815,0.0207284,0.754386,0,2.74267,0.00816881
re_noncore,ar1,57,0.0216945,0.0159486,0.807018,0.394569,,
re_noncore,ols,57,0.0258124,0.0185972,0.754386,0.142914,1.02736,0.30867
re_noncore,ridge_dl,57,0.0299539,0.0231258,0.684211,-0.15418,1.91672,0.0603815
re_noncore,ss_kalman,57,0.0280792,0.0199257,0.736842,-0.0142311,1.23323,0.22264
re_noncore,ensemble,57,0.0258578,0.0196336,0.736842,0.1399,1.02667,0.30899
gl1,mean,34,0.021538,0.0170299,0.705882,0,-0.793004,0.43344
gl1,ar1,34,0.0220443,0.0179231,0.676471,-0.0475659,,
gl1,ols,34,0.0119274,0.00756893,0.911765,0.693324,-2.58817,0.0142378
gl1,ridge_dl,34,0.0143462,0.0105402,0.911765,0.556325,-2.41109,0.0216327
gl1,ss_kalman,34,0.0111733,0.00707479,0.911765,0.730877,-2.81249,0.00821489
gl1,ensemble,34,0.0122557,0.00839431,0.911765,0.676209,-2.72904,0.010105
gl2,mean,34,0.00877626,0.00667982,0.970588,0,-3.13579,0.00359067
gl2,ar1,34,0.0092929,0.00718668,0.970588,-0.1212,,
gl2,ols,34,0.0120811,0.00935723,0.970588,-0.894936,2.04276,0.0491309
gl2,ridge_dl,34,0.0116681,0.00920537,0.970588,-0.767586,1.32766,0.193403
gl2,ss_kalman,34,0.0117556,0.00911921,0.970588,-0.794209,1.82969,0.0763433
gl2,ensemble,34,0.0103839,0.0085119,0.970588,-0.399921,1.47876,0.148688
epra_nareit,mean,57,0.076672,0.0532549,0.666667,0,-1.56868,0.122356
epra_nareit,ar1,57,0.0794391,0.0565922,0.666667,-0.0734847,,
epra_nareit,ols,57,0.050796,0.0410525,0.842105,0.561079,-1.98859,0.0516417
epra_nareit,ridge_dl,57,0.0511709,0.0441369,0.684211,0.554576,-2.19274,0.0324966
epra_nareit,ss_kalman,57,0.0508074,0.040791,0.824561,0.560882,-2.00383,0.0499352
epra_nareit,ensemble,57,0.0466115,0.0401983,0.807018,0.630416,-2.333,0.0232658
infra_core,mean,57,0.0344323,0.0272043,0.719298,0,-0.458264,0.648536
infra_core,ar1,57,0.0349268,0.0278451,0.701754,-0.0289302,,
infra_core,ols,57,0.0303714,0.0228019,0.77193,0.221966,-1.42912,0.158525
infra_core,ridge_dl,57,0.0319637,0.0249778,0.701754,0.138247,-1.70486,0.0937626
infra_core,ss_kalman,57,0.0303297,0.0229697,0.77193,0.224101,-1.51487,0.13543
infra_core,ensemble,57,0.029481,0.023196,0.701754,0.266917,-2.63913,0.0107454
ftse_fi_infra,mean,44,0.0445441,0.033591,0.590909,0,-1.16811,0.249198
ftse_fi_infra,ar1,44,0.0466732,0.034192,0.545455,-0.0978803,,
ftse_fi_infra,ols,44,0.0120781,0.00892336,0.909091,0.926479,-3.38553,0.00152698
ftse_fi_infra,ridge_dl,44,0.0188996,0.0132894,0.840909,0.819979,-3.02192,0.00421984
ftse_fi_infra,ss_kalman,44,0.0120557,0.0089335,0.909091,0.926751,-3.39878,0.00146998
ftse_fi_infra,ensemble,44,0.01327,0.0094936,0.886364,0.911251,-3.3225,0.00182837
