,growth,term,inflation,credit
buyout,0.43482,-0.20476,0,0.47635
vc,0.62701,0.18315,0,0.22115
fof_secondary,0.44753,-0.14163,0,-0.067588
fof_primary,0.52188,-0.011063,0,0.42977
senior_loan,0.16281,-0.032995,0,0.11829
mezzanine,0.17211,-0.40948,0,1.314
apac_equity,0.37171,-0.19037,0,0.54224
hfri_fof_cons,0.15531,-0.1609,0,0.16738
msci_gpfi,0.27026,0.10465,0.72436,0
re_noncore,0.32054,0.40075,1.2129,0
gl1,0.049778,0.39298,0,0.1924
gl2,7.2886e-05,-0.043156,0,0.022529
epra_nareit,0.70422,0.43261,0,0.81696
infra_core,0.23014,0.093352,0.25143,0
ftse_fi_infra,0.058785,0.76962,0,0.83399
