base,code,n,start,end,ann_return_geo,ann_mean,ann_vol,sharpe,skew,kurt,worst_q,best_q,max_dd,ac1,hit
reported,buyout,105,2000-03-31,2026-03-31,0.123895,0.123958,0.104835,0.995308,-0.662389,3.05208,-0.1887,0.1756,-0.317008,0.356162,0.790476
reported,vc,105,2000-03-31,2026-03-31,0.0834739,0.0902057,0.138741,0.508799,0.50393,3.5169,-0.1505,0.3329,-0.65679,0.638184,0.72381
reported,fof_secondary,97,2002-03-31,2026-03-31,0.129046,0.127645,0.0962579,1.1461,0.473082,4.57526,-0.161,0.2081,-0.236358,0.395034,0.845361
reported,fof_primary,105,2000-03-31,2026-03-31,0.0692125,0.0716876,0.0926221,0.562211,-0.0698091,2.26592,-0.1435,0.1805,-0.420867,0.598717,0.733333
reported,senior_loan,64,2010-06-30,2026-03-31,0.0755846,0.0745688,0.0459485,1.29877,-1.01674,3.20922,-0.0718,0.0648,-0.0718,-0.0319583,0.828125
reported,mezzanine,105,2000-03-31,2026-03-31,0.101861,0.103935,0.108071,0.780236,-0.192264,7.36296,-0.1982,0.2705,-0.35986,0.299354,0.809524
reported,apac_equity,105,2000-03-31,2026-03-31,0.0985245,0.101928,0.1186,0.694039,-0.0611122,0.876335,-0.1738,0.1766,-0.381402,0.376543,0.714286
reported,hfri_fof_cons,105,2000-03-31,2026-03-31,0.0373678,0.0380241,0.0479131,0.38423,-2.22287,8.96269,-0.11475,0.0583876,-0.198644,0.201782,0.819048
reported,msci_gpfi,68,2008-03-31,2024-12-31,0.0340036,0.0364338,0.0746831,0.328169,-1.77524,6.15009,-0.154965,0.092945,-0.340827,0.637543,0.735294
reported,re_noncore,105,2000-03-31,2026-03-31,0.0685379,0.0726667,0.105728,0.501782,-1.5465,9.37465,-0.269,0.1758,-0.578468,0.593445,0.761905
reported,gl1,54,2012-03-31,2025-06-30,0.0378744,0.0380357,0.0374673,0.605727,-0.600899,0.947273,-0.0441,0.046344,-0.100795,0.0787955,0.759259
reported,gl2,54,2012-03-31,2025-06-30,0.0848955,0.0826129,0.0246145,2.73302,-0.964775,5.28312,-0.0308285,0.0483364,-0.0308285,-0.0278334,0.962963
reported,epra_nareit,105,2000-03-31,2026-03-31,0.0741765,0.0914479,0.194395,0.369522,-0.428402,2.73051,-0.323785,0.359056,-0.643265,0.099299,0.657143
reported,infra_core,78,2006-12-31,2026-03-31,0.0600522,0.0621487,0.0827295,0.558208,-0.752052,1.3222,-0.1083,0.0967,-0.247664,0.12225,0.692308
reported,ftse_fi_infra,64,2010-06-30,2026-03-31,0.0441121,0.0463654,0.0779542,0.40374,-0.00395093,1.38713,-0.0859918,0.137419,-0.203289,0.00809835,0.65625
unsmoothed,buyout,104,2000-06-30,2026-03-31,0.11349,0.120502,0.151278,0.669277,-0.605602,4.30689,-0.293269,0.290548,-0.495225,0.0588761,0.692308
unsmoothed,vc,104,2000-06-30,2026-03-31,0.0570311,0.0891905,0.260153,0.268826,0.487451,5.51513,-0.427685,0.624919,-0.769805,-0.0481634,0.644231
unsmoothed,fof_secondary,96,2002-06-30,2026-03-31,0.121646,0.126847,0.144732,0.756744,-0.204927,6.64419,-0.306245,0.310913,-0.382077,0.0156248,0.708333
unsmoothed,fof_primary,104,2000-06-30,2026-03-31,0.0561664,0.0703439,0.175497,0.291112,-0.0195511,3.39412,-0.291392,0.343543,-0.494554,0.0380973,0.701923
unsmoothed,senior_loan,64,2010-06-30,2026-03-31,0.0755846,0.0745688,0.0459485,1.29877,-1.01674,3.20922,-0.0718,0.0648,-0.0718,-0.0319583,0.828125
unsmoothed,mezzanine,104,2000-06-30,2026-03-31,0.101797,0.109787,0.155776,0.581168,0.914193,15.2042,-0.279972,0.494701,-0.493671,0.152612,0.807692
unsmoothed,apac_equity,104,2000-06-30,2026-03-31,0.0904526,0.104317,0.183777,0.462855,-0.231809,1.2232,-0.273044,0.264425,-0.458867,-0.0317987,0.663462
unsmoothed,hfri_fof_cons,105,2000-03-31,2026-03-31,0.0373678,0.0380241,0.0479131,0.38423,-2.22287,8.96269,-0.11475,0.0583876,-0.198644,0.201782,0.819048
unsmoothed,msci_gpfi,67,2008-06-30,2024-12-31,0.0256405,0.0381442,0.154425,0.170667,-1.22044,8.51871,-0.317508,0.286429,-0.506618,0.211449,0.746269
unsmoothed,re_noncore,104,2000-06-30,2026-03-31,0.0435195,0.070941,0.212338,0.243416,-1.79393,14.5067,-0.621141,0.434603,-0.809285,0.00106908,0.740385
unsmoothed,gl1,54,2012-03-31,2025-06-30,0.0378744,0.0380357,0.0374673,0.605727,-0.600899,0.947273,-0.0441,0.046344,-0.100795,0.0787955,0.759259
unsmoothed,gl2,54,2012-03-31,2025-06-30,0.0848955,0.0826129,0.0246145,2.73302,-0.964775,5.28312,-0.0308285,0.0483364,-0.0308285,-0.0278334,0.962963
unsmoothed,epra_nareit,105,2000-03-31,2026-03-31,0.0741765,0.0914479,0.194395,0.369522,-0.428402,2.73051,-0.323785,0.359056,-0.643265,0.099299,0.657143
unsmoothed,infra_core,78,2006-12-31,2026-03-31,0.0600522,0.0621487,0.0827295,0.558208,-0.752052,1.3222,-0.1083,0.0967,-0.247664,0.12225,0.692308
unsmoothed,ftse_fi_infra,64,2010-06-30,2026-03-31,0.0441121,0.0463654,0.0779542,0.40374,-0.00395093,1.38713,-0.0859918,0.137419,-0.203289,0.00809835,0.65625
