base,code,state,n,alpha_q,r2,b_growth,t_growth,b_term,t_term,b_inflation,t_inflation,b_credit,t_credit
reported,buyout,전체,80,0.0226815,0.660653,0.527201,4.40793,-0.0554046,-0.415168,0.421661,1.92625,-0.4431,-1.75024
reported,vc,전체,80,0.0239669,0.351047,0.576844,4.01386,0.017413,0.0813773,0.454465,1.81473,-0.805853,-2.67423
reported,fof_secondary,전체,80,0.0215423,0.436282,0.461044,3.67565,0.0293618,0.209514,0.63927,3.19745,-0.890248,-3.29179
reported,fof_primary,전체,80,0.0161477,0.54586,0.483265,4.60498,0.0378973,0.323968,0.531434,3.21907,-0.733429,-2.75389
reported,senior_loan,전체,64,0.0131412,0.58896,0.215949,3.20475,0.0228749,0.272139,0.213061,1.75045,-0.0906258,-0.552255
reported,mezzanine,전체,80,0.0174163,0.827966,0.188675,2.57736,-0.154425,-1.54091,0.272515,1.33655,0.825151,3.47357
reported,apac_equity,전체,80,0.0184028,0.582149,0.471198,4.06925,0.0341039,0.284355,0.37843,1.73616,-0.158922,-0.618472
reported,hfri_fof_cons,전체,80,0.00463006,0.805033,0.176029,4.5536,-0.0633121,-1.18798,0.269558,2.16865,0.0392993,0.274405
reported,msci_gpfi,전체,68,0.0072234,0.273064,0.304986,1.92067,-0.182138,-0.893894,0.221043,0.692688,-0.59754,-2.40772
reported,re_noncore,전체,80,0.00775976,0.26402,0.545943,2.61812,-0.232939,-1.04345,0.326763,0.731797,-1.24001,-2.33515
reported,gl1,전체,54,0.00506337,0.848022,0.0223173,0.647844,0.469963,9.59551,-0.0674396,-0.828528,0.348721,3.54179
reported,gl2,전체,54,0.0206778,0.0282694,0.00446304,0.0726054,-0.0669659,-1.10623,-0.0494479,-0.302099,0.0349988,0.236934
reported,epra_nareit,전체,80,-0.0108042,0.754826,0.879962,4.99492,0.492853,2.04806,-0.0676883,-0.196115,0.63263,1.16204
reported,infra_core,전체,78,0.00781111,0.424234,0.357992,3.70365,0.10637,0.614791,0.33552,1.33494,-0.323105,-1.86493
reported,ftse_fi_infra,전체,64,0.000338212,0.948273,-0.108281,-3.6316,1.03106,17.2105,0.132507,1.2755,1.41601,17.26
unsmoothed,buyout,전체,80,0.0200272,0.602237,0.477965,3.05913,0.159056,0.554462,0.868557,1.38938,0.125962,0.424064
unsmoothed,vc,전체,80,0.0150244,0.287711,0.834017,4.03866,0.337394,0.822247,0.352089,0.736065,-0.294413,-0.456528
unsmoothed,fof_secondary,전체,80,0.0159251,0.450948,0.54389,3.66942,0.385313,1.52987,1.33731,2.36945,-0.782568,-1.76045
unsmoothed,fof_primary,전체,80,0.00682456,0.576659,0.587561,3.85817,0.477339,1.78103,1.10647,1.7156,-0.0487425,-0.0856798
unsmoothed,senior_loan,전체,64,0.0131412,0.58896,0.215949,3.20475,0.0228749,0.272139,0.213061,1.75045,-0.0906258,-0.552255
unsmoothed,mezzanine,전체,80,0.0195697,0.752128,-0.0398274,-0.257833,0.0611668,0.345606,0.944,3.23272,1.58662,2.55763
unsmoothed,apac_equity,전체,80,0.0189715,0.519813,0.398603,1.91746,0.0703516,0.297275,0.604585,1.07716,0.334429,0.931363
unsmoothed,hfri_fof_cons,전체,80,0.00463006,0.805033,0.176029,4.5536,-0.0633121,-1.18798,0.269558,2.16865,0.0392993,0.274405
unsmoothed,msci_gpfi,전체,67,0.00121686,0.347008,0.258572,1.32489,0.279335,1.0993,0.953565,1.87677,0.0628716,0.178861
unsmoothed,re_noncore,전체,80,-0.00253347,0.26304,0.708709,2.2563,0.560316,1.10992,1.92223,1.25996,-1.34729,-1.41728
unsmoothed,gl1,전체,54,0.00506337,0.848022,0.0223173,0.647844,0.469963,9.59551,-0.0674396,-0.828528,0.348721,3.54179
unsmoothed,gl2,전체,54,0.0206778,0.0282694,0.00446304,0.0726054,-0.0669659,-1.10623,-0.0494479,-0.302099,0.0349988,0.236934
unsmoothed,epra_nareit,전체,80,-0.0108042,0.754826,0.879962,4.99492,0.492853,2.04806,-0.0676883,-0.196115,0.63263,1.16204
unsmoothed,infra_core,전체,78,0.00781111,0.424234,0.357992,3.70365,0.10637,0.614791,0.33552,1.33494,-0.323105,-1.86493
unsmoothed,ftse_fi_infra,전체,64,0.000338212,0.948273,-0.108281,-3.6316,1.03106,17.2105,0.132507,1.2755,1.41601,17.26
