,growth,term,inflation,credit,w
buyout,0.10871,-0.05119,0,0.11909,0.25
vc,0.062701,0.018315,0,0.022115,0.1
fof_secondary,0.022377,-0.0070817,0,-0.0033794,0.05
fof_primary,0.052188,-0.0011063,0,0.042977,0.1
senior_loan,0.019537,-0.0039594,0,0.014194,0.12
mezzanine,0.013769,-0.032758,0,0.10512,0.08
msci_gpfi,0.027026,0.010465,0.072436,0,0.1
re_noncore,0.016027,0.020037,0.060647,0,0.05
gl1,0.0024889,0.019649,0,0.0096198,0.05
infra_core,0.013809,0.0056011,0.015086,0,0.06
ftse_fi_infra,0.0023514,0.030785,0,0.033359,0.04
