date,buyout|const,buyout|growth,buyout|term,buyout|inflation,buyout|credit,buyout|r2,buyout|n,vc|const,vc|growth,vc|term,vc|inflation,vc|credit,vc|r2,vc|n,fof_secondary|const,fof_secondary|growth,fof_secondary|term,fof_secondary|inflation,fof_secondary|credit,fof_secondary|r2,fof_secondary|n,fof_primary|const,fof_primary|growth,fof_primary|term,fof_primary|inflation,fof_primary|credit,fof_primary|r2,fof_primary|n,senior_loan|const,senior_loan|growth,senior_loan|term,senior_loan|inflation,senior_loan|credit,senior_loan|r2,senior_loan|n,mezzanine|const,mezzanine|growth,mezzanine|term,mezzanine|inflation,mezzanine|credit,mezzanine|r2,mezzanine|n,apac_equity|const,apac_equity|growth,apac_equity|term,apac_equity|inflation,apac_equity|credit,apac_equity|r2,apac_equity|n,hfri_fof_cons|const,hfri_fof_cons|growth,hfri_fof_cons|term,hfri_fof_cons|inflation,hfri_fof_cons|credit,hfri_fof_cons|r2,hfri_fof_cons|n,msci_gpfi|const,msci_gpfi|growth,msci_gpfi|term,msci_gpfi|inflation,msci_gpfi|credit,msci_gpfi|r2,msci_gpfi|n,re_noncore|const,re_noncore|growth,re_noncore|term,re_noncore|inflation,re_noncore|credit,re_noncore|r2,re_noncore|n,gl1|const,gl1|growth,gl1|term,gl1|inflation,gl1|credit,gl1|r2,gl1|n,gl2|const,gl2|growth,gl2|term,gl2|inflation,gl2|credit,gl2|r2,gl2|n,epra_nareit|const,epra_nareit|growth,epra_nareit|term,epra_nareit|inflation,epra_nareit|credit,epra_nareit|r2,epra_nareit|n,infra_core|const,infra_core|growth,infra_core|term,infra_core|inflation,infra_core|credit,infra_core|r2,infra_core|n,ftse_fi_infra|const,ftse_fi_infra|growth,ftse_fi_infra|term,ftse_fi_infra|inflation,ftse_fi_infra|credit,ftse_fi_infra|r2,ftse_fi_infra|n
2010-03-31,0.023852,1.0055,-0.30803,0.3392,-1.2396,0.81019,16,0.011946,0.58731,-0.363,0.17198,-0.93064,0.81736,16,0.016691,0.83517,-0.048281,0.6911,-1.5468,0.83409,16,0.0039988,0.73721,0.27002,0.72184,-1.1586,0.84598,16,,,,,,,,0.031772,0.55944,-0.39174,0.046831,0.5634,0.96606,16,0.032338,0.85008,-0.24152,0.46045,-0.74801,0.7816,16,-0.00047918,0.32238,0.1024,0.52529,-0.25416,0.87672,16,,,,,,,,-0.025116,1.3463,-0.30928,0.56361,-2.5945,0.63619,16,,,,,,,,,,,,,,,-0.0035721,1.4161,-0.23921,-0.5953,0.034738,0.85346,16,,,,,,,,,,,,,,
2010-06-30,0.023551,0.87528,0.07253,0.50366,-0.97881,0.73919,17,0.011749,0.50172,-0.11288,0.28007,-0.75924,0.71397,17,0.01641,0.7136,0.30699,0.84463,-1.3034,0.71983,17,0.0038431,0.66983,0.46694,0.80694,-1.0236,0.80437,17,,,,,,,,0.031585,0.47847,-0.15514,0.14908,0.72554,0.94989,17,0.032051,0.72568,0.12203,0.61756,-0.49888,0.72742,17,-0.00057116,0.28258,0.21873,0.57556,-0.17444,0.85222,17,,,,,,,,-0.025695,1.0958,0.42288,0.88001,-2.0928,0.471,17,,,,,,,,,,,,,,,-0.0038298,1.3045,0.086784,-0.45443,0.25813,0.84215,17,,,,,,,,,,,,,,
2010-09-30,0.023334,0.79064,-0.027582,0.49474,-0.89307,0.7237,18,0.011676,0.47325,-0.14656,0.27707,-0.7304,0.71465,18,0.016292,0.66765,0.25264,0.83979,-1.2568,0.71659,18,0.0037681,0.64062,0.4324,0.80387,-0.99404,0.81041,18,,,,,,,,0.031381,0.39925,-0.24884,0.14073,0.8058,0.93941,18,0.032005,0.70793,0.10104,0.61569,-0.4809,0.73766,18,-0.0006156,0.26527,0.19827,0.57374,-0.15691,0.8513,18,,,,,,,,-0.025849,1.0359,0.35205,0.8737,-2.0321,0.48062,18,,,,,,,,,,,,,,,-0.0038976,1.2781,0.05555,-0.45721,0.28488,0.85277,18,-0.017365,0.39795,1.0244,0.93503,-0.3167,0.57312,16,,,,,,,
2010-12-31,0.021106,0.77899,0.040628,0.51365,-0.85759,0.726,19,0.014308,0.48701,-0.22712,0.25473,-0.7723,0.73808,19,0.018641,0.67993,0.18074,0.81986,-1.2942,0.73367,19,0.0056344,0.65038,0.37528,0.78803,-1.0238,0.81763,19,,,,,,,,0.027752,0.38027,-0.13777,0.17153,0.86357,0.93429,19,0.032812,0.71215,0.076332,0.60884,-0.49375,0.74797,19,-0.0014707,0.2608,0.22444,0.58099,-0.1433,0.85213,19,,,,,,,,-0.022263,1.0546,0.24229,0.84327,-2.0892,0.5014,19,,,,,,,,,,,,,,,-0.0069609,1.2621,0.14932,-0.43122,0.33365,0.852,19,-0.016182,0.40332,0.98935,0.92538,-0.33421,0.57305,17,,,,,,,
2011-03-31,0.021402,0.77979,0.040878,0.51848,-0.86043,0.72834,20,0.014382,0.48721,-0.22706,0.25594,-0.77302,0.74049,20,0.018188,0.67871,0.18036,0.81248,-1.2899,0.73353,20,0.0060852,0.6516,0.37566,0.79537,-1.0281,0.81934,20,,,,,,,,0.027328,0.37912,-0.13812,0.16462,0.86762,0.9341,20,0.029837,0.70411,0.073827,0.56043,-0.46534,0.72651,20,-0.0019839,0.25941,0.22401,0.57264,-0.1384,0.84918,20,,,,,,,,-0.020642,1.059,0.24366,0.86965,-2.1047,0.50511,20,,,,,,,,,,,,,,,-0.007586,1.2604,0.14879,-0.44138,0.33962,0.85178,20,-0.013817,0.40928,0.9907,0.96,-0.35528,0.5662,18,,,,,,,
2011-06-30,0.017002,0.79615,0.18767,0.58918,-0.85594,0.74878,20,0.016405,0.48977,-0.13388,0.34487,-0.79276,0.6902,20,0.01577,0.6873,0.25462,0.84649,-1.2867,0.74466,20,0.0040802,0.66045,0.46479,0.84439,-1.0285,0.82757,20,,,,,,,,0.023188,0.39,-0.071946,0.17677,0.87976,0.94709,20,0.029689,0.70129,0.025025,0.52219,-0.45927,0.72434,20,-0.0026029,0.25918,0.20428,0.55207,-0.13332,0.8449,20,,,,,,,,-0.024314,1.0762,0.42215,0.97097,-2.1071,0.51275,20,,,,,,,,,,,,,,,-0.0088491,1.2683,0.24096,-0.38328,0.3354,0.85097,20,-0.013693,0.41031,1.0068,0.97267,-0.35753,0.57045,19,,,,,,,
2011-09-30,0.017117,0.78297,0.28649,0.6311,-0.82551,0.76387,20,0.016363,0.45191,0.033526,0.42298,-0.72675,0.64947,20,0.015535,0.63074,0.4508,0.94359,-1.198,0.69337,20,0.0040651,0.63889,0.56286,0.88987,-0.99037,0.8221,20,,,,,,,,0.023275,0.38567,-0.024015,0.19616,0.8926,0.95118,20,0.030302,0.70887,0.18072,0.57528,-0.43773,0.75872,20,-0.0026162,0.24929,0.24727,0.57221,-0.11621,0.84897,20,,,,,,,,-0.024878,0.97569,0.72464,1.1268,-1.9579,0.4595,20,,,,,,,,,,,,,,,-0.0093374,1.2291,0.27485,-0.35307,0.37809,0.85926,20,-0.013462,0.47841,0.75445,0.84989,-0.46729,0.57049,20,,,,,,,
2011-12-31,0.0054028,0.66056,0.56543,0.96079,-0.67841,0.83646,20,0.01092,0.39448,0.1603,0.57293,-0.65721,0.66739,20,0.0079209,0.54483,0.59979,1.1209,-1.0888,0.70705,20,-0.00050037,0.58191,0.62438,0.96441,-0.91314,0.80321,20,,,,,,,,0.020903,0.35547,0.0048616,0.23136,0.93402,0.9492,20,0.024192,0.62588,0.22877,0.63586,-0.31993,0.7198,20,-0.0064122,0.20644,0.32145,0.66051,-0.06171,0.86606,20,-0.01708,0.6539,0.80409,0.86197,-1.0039,0.60344,16,-0.039552,0.83518,1.1392,1.6143,-1.8012,0.51666,20,,,,,,,,,,,,,,,-0.012237,1.1993,0.34631,-0.2687,0.41349,0.85676,20,-0.0090107,0.51276,0.58658,0.65388,-0.49711,0.60453,20,,,,,,,
2012-03-31,0.0037872,0.65093,0.57472,0.96168,-0.66306,0.84043,20,0.012022,0.40088,0.1559,0.57422,-0.66842,0.68382,20,0.0063336,0.5338,0.62567,1.1382,-1.08,0.6973,20,-0.0017293,0.57448,0.63252,0.96614,-0.90187,0.80468,20,,,,,,,,0.017869,0.33594,0.037688,0.24809,0.95703,0.94688,20,0.021057,0.60377,0.28356,0.67357,-0.30405,0.70508,20,-0.0077576,0.19915,0.32121,0.65344,-0.045907,0.8858,20,-0.017105,0.65369,0.80443,0.86217,-1.0036,0.61245,17,-0.043322,0.81694,1.1152,1.5716,-1.748,0.53898,20,,,,,,,,,,,,,,,-0.014431,1.1875,0.34528,-0.28085,0.4395,0.86416,20,-0.0052938,0.53756,0.537,0.62423,-0.52177,0.61622,20,,,,,,,
2012-06-30,-0.0026153,0.59565,0.76849,1.0863,-0.53313,0.87127,20,0.0082357,0.36986,0.26497,0.6447,-0.59512,0.68969,20,0.0045501,0.50857,0.71206,1.1918,-1.023,0.68688,20,-0.0040859,0.54871,0.7217,1.0224,-0.84258,0.80452,20,,,,,,,,0.016787,0.31451,0.11027,0.29238,1.0046,0.9453,20,0.0099916,0.5276,0.55459,0.85173,-0.12047,0.74991,20,-0.010562,0.17863,0.39391,0.70093,0.0031923,0.90738,20,-0.016436,0.64677,0.84585,0.88811,-0.99125,0.60271,18,-0.046126,0.76385,1.2952,1.6817,-1.6301,0.51678,20,,,,,,,,,,,,,,,0.0013488,1.2588,0.08146,-0.46336,0.25645,0.88633,20,-0.0053547,0.53202,0.55534,0.63504,-0.50994,0.61198,20,,,,,,,
2012-09-30,-0.0027099,0.64146,0.84813,1.1555,-0.63533,0.88452,20,0.0075323,0.39831,0.31752,0.69329,-0.66793,0.69606,20,0.0045028,0.49945,0.69654,1.1786,-1.0037,0.66475,20,-0.0042823,0.56814,0.75622,1.0531,-0.88819,0.80242,20,,,,,,,,0.015788,0.32241,0.12871,0.31284,0.9727,0.94335,20,0.0089482,0.47585,0.47012,0.7835,-0.021678,0.74972,20,-0.010296,0.19696,0.42431,0.72599,-0.033282,0.91369,20,-0.015881,0.64983,0.84949,0.88886,-0.99016,0.60658,19,-0.044256,0.88426,1.4944,1.8453,-1.868,0.56365,20,,,,,,,,,,,,,,,-0.00027958,1.2658,0.10126,-0.43887,0.21757,0.88427,20,-0.005101,0.60556,0.68125,0.74265,-0.66812,0.65526,20,,,,,,,
2012-12-31,-0.00031116,0.63916,0.79977,1.1226,-0.63126,0.87527,20,0.0088929,0.38971,0.2615,0.64774,-0.64595,0.68726,20,0.0072976,0.49461,0.6317,1.1323,-0.99306,0.64028,20,-0.0025781,0.55311,0.66945,0.98046,-0.84922,0.79188,20,,,,,,,,0.014591,0.34064,0.21972,0.39216,0.92465,0.94388,20,0.011026,0.40212,0.14754,0.49098,0.17504,0.80385,20,-0.008998,0.18459,0.35461,0.66724,-0.0011231,0.91243,20,-0.013899,0.64809,0.81014,0.86226,-0.98721,0.59962,20,-0.03873,0.91768,1.5345,1.9119,-1.9628,0.5548,20,,,,,,,,,,,,,,,0.001259,1.3333,0.34012,-0.20612,0.034442,0.89774,20,-0.0050976,0.55042,0.46544,0.53967,-0.51964,0.691,20,,,,,,,
2013-03-31,-0.00079972,0.63771,0.83003,1.1524,-0.63594,0.87544,20,0.0092891,0.41808,0.39171,0.78827,-0.75896,0.72164,20,0.0052601,0.4975,0.80874,1.3104,-1.051,0.65042,20,-0.0036403,0.55403,0.75841,1.0697,-0.8769,0.79455,20,,,,,,,,0.016106,0.33164,0.049042,0.21825,0.99717,0.9475,20,0.010798,0.43144,0.33235,0.68644,0.044015,0.80691,20,-0.006904,0.21544,0.36507,0.68895,-0.086836,0.89827,20,-0.015081,0.64214,0.86949,0.91942,-0.98808,0.59693,20,-0.038026,0.95825,1.7098,2.102,-2.1213,0.57178,20,,,,,,,,,,,,,,,-0.00064286,1.2789,0.18032,-0.38573,0.22574,0.90124,20,-0.0084336,0.4837,0.34879,0.39872,-0.30761,0.6972,20,,,,,,,
2013-06-30,0.012569,0.56655,0.1992,0.64237,-0.51334,0.82152,20,0.019522,0.36066,-0.080965,0.41449,-0.66336,0.65781,20,0.016242,0.43959,0.28864,0.88835,-0.95057,0.58515,20,0.0060018,0.51104,0.27469,0.65509,-0.79342,0.72403,20,,,,,,,,0.018617,0.32569,-0.095022,0.080774,1.0158,0.94566,20,0.017433,0.3568,0.15499,0.6544,0.12819,0.84258,20,-0.0021729,0.20362,0.095734,0.43337,-0.051376,0.85637,20,-0.0098775,0.64821,0.50747,0.53114,-0.96039,0.57228,20,-0.018272,0.89477,0.63388,1.1142,-1.9649,0.4484,20,,,,,,,,,,,,,,,-8.7884e-05,1.241,0.27444,-0.21093,0.25151,0.90364,20,-0.004733,0.50054,0.048082,0.052153,-0.29536,0.69219,20,,,,,,,
2013-09-30,0.019765,0.58184,0.00052407,0.55102,-0.73565,0.8293,20,0.028152,0.41089,-0.26334,0.34453,-0.94817,0.71068,20,0.021355,0.44116,0.13119,0.81192,-1.1032,0.60029,20,0.013785,0.5284,0.061219,0.5573,-1.0343,0.76874,20,,,,,,,,0.013676,0.30047,0.015592,0.12522,1.1768,0.94087,20,0.016113,0.34067,0.16809,0.65462,0.17658,0.81816,20,0.0025833,0.21126,-0.039906,0.36994,-0.19691,0.87272,20,-0.0013401,0.67374,0.28469,0.43193,-1.2284,0.60525,20,-0.0024056,0.92241,0.18517,0.90525,-2.4516,0.53534,20,,,,,,,,,,,,,,,-0.023893,1.1295,0.82484,0.015561,1.0218,0.9425,20,0.0025371,0.5325,-0.12373,-0.019653,-0.52939,0.68924,20,,,,,,,
2013-12-31,0.029159,0.44211,-0.2357,-0.14113,-0.38937,0.77962,20,0.038238,0.3059,-0.53751,-0.26205,-0.6823,0.54935,20,0.034057,0.2724,-0.19741,-0.062786,-0.68247,0.33286,20,0.023308,0.41592,-0.19156,-0.055921,-0.75191,0.62194,20,,,,,,,,0.017842,0.18609,-0.065304,-0.34073,1.4537,0.94974,20,0.024119,0.2634,-0.05229,0.19153,0.37336,0.68641,20,0.007171,0.14177,-0.15471,0.028113,-0.024858,0.84045,20,0.0085121,0.50397,0.047496,-0.36445,-0.81057,0.60417,20,0.021402,0.57239,-0.41543,-0.83652,-1.5837,0.66103,20,,,,,,,,,,,,,,,-0.02035,0.94708,0.79476,-0.63877,1.4574,0.94138,20,0.0061436,0.4834,-0.2165,-0.27159,-0.40714,0.60692,20,,,,,,,
2014-03-31,0.034542,0.35538,-0.16151,0.31496,-0.45546,0.78491,20,0.043666,0.22061,-0.46337,0.17858,-0.74311,0.54753,20,0.040815,0.15583,-0.10188,0.57797,-0.78609,0.41742,20,0.028805,0.32978,-0.11655,0.38822,-0.81286,0.60763,20,0.0091761,0.20991,0.20714,0.077932,0.86659,0.91444,16,0.019184,0.16275,-0.046275,-0.21178,1.4326,0.94701,20,0.026487,0.22612,-0.019919,0.38437,0.34666,0.68002,20,0.0055162,0.17415,-0.17929,-0.16287,0.010841,0.87345,20,0.018556,0.34504,0.18503,0.46069,-0.92606,0.54606,20,0.029049,0.45193,-0.31088,-0.21309,-1.6701,0.61823,20,,,,,,,,,,,,,,,-0.013331,0.83324,0.89174,-0.037465,1.3692,0.93622,20,0.0099935,0.43346,-0.16719,-0.052783,-0.42188,0.50593,20,0.0041592,-0.082697,0.84181,0.086361,0.88849,0.94347,16
2014-06-30,0.033633,0.23431,-0.15792,0.22592,0.13149,0.83454,20,0.043928,0.25767,-0.4658,0.20351,-0.92279,0.53678,20,0.039649,0.029667,-0.11559,0.45473,-0.1747,0.32511,20,0.028266,0.22833,-0.095866,0.34445,-0.32072,0.62146,20,0.008667,0.2049,0.17816,0.018305,0.89501,0.90614,17,0.018696,0.11024,-0.052213,-0.26348,1.687,0.89559,20,0.025747,0.13568,-0.022134,0.3093,0.78505,0.60819,20,0.0052977,0.12744,-0.16741,-0.17891,0.23749,0.88212,20,0.019403,0.45747,0.18202,0.54394,-1.4711,0.56109,20,0.030571,0.59369,-0.27854,-0.045039,-2.3568,0.42806,20,,,,,,,,,,,,,,,-0.012032,0.9484,0.92297,0.10768,0.81145,0.89958,20,0.0097498,0.40955,-0.1716,-0.079304,-0.30605,0.50075,20,0.0044549,-0.079787,0.85864,0.12099,0.87199,0.94053,17
2014-09-30,0.031092,0.2504,-0.07866,0.33995,0.10879,0.80644,20,0.042753,0.26368,-0.43008,0.23541,-0.9067,0.52349,20,0.037407,0.03723,-0.049872,0.45834,-0.07073,0.34132,20,0.026026,0.23498,-0.030798,0.33496,-0.20013,0.63643,20,0.0081897,0.20819,0.1927,0.041066,0.88769,0.90878,18,0.021456,0.13179,-0.1135,0.18326,0.98225,0.88063,20,0.023049,0.12066,0.041612,-0.03896,1.3609,0.62134,20,0.0047957,0.12834,-0.1532,-0.18964,0.27551,0.86815,20,0.012738,0.45497,0.36149,0.1894,-0.69507,0.76014,20,0.027326,0.59315,-0.19072,-0.20767,-1.9917,0.37084,20,,,,,,,,,,,,,,,-0.0096476,0.95404,0.86178,0.30388,0.44516,0.86814,20,4.3089e-06,0.42139,0.10064,-0.37118,0.53902,0.61355,20,0.0042527,-0.078392,0.8648,0.13063,0.86889,0.94234,18
2014-12-31,0.030961,0.26462,-0.081755,0.31705,0.065803,0.80003,20,0.043017,0.35146,-0.45673,0.056189,-1.1548,0.4744,20,0.035481,0.1158,-0.058476,0.37439,-0.32767,0.3002,20,0.025624,0.30309,-0.047196,0.21737,-0.40245,0.60303,20,0.0081906,0.20825,0.19268,0.040925,0.88756,0.90992,19,0.020141,0.15707,-0.11136,0.18084,0.88838,0.87106,20,0.019355,0.33028,0.0084688,-0.314,0.69869,0.59675,20,0.0056063,0.095466,-0.14963,-0.15468,0.3831,0.88282,20,0.013277,0.39695,0.37407,0.28262,-0.51957,0.73593,20,0.038311,0.17044,-0.14882,0.22195,-0.59933,0.29907,20,,,,,,,,,,,,,,,-0.0080763,1.0503,0.82352,0.062073,0.19375,0.82828,20,0.002685,0.26552,0.12575,-0.16431,1.0304,0.64379,20,0.0042066,-0.081432,0.86597,0.13853,0.8765,0.94196,19
2015-03-31,0.03062,0.2584,-0.092742,0.31493,0.0823,0.78896,20,0.043639,0.32103,-0.44955,-0.025154,-0.93852,0.47948,20,0.035198,0.10458,-0.069449,0.36027,-0.27824,0.29254,20,0.02566,0.28642,-0.051347,0.18222,-0.30194,0.60659,20,0.0071942,0.21573,0.16848,0.087073,0.78437,0.85078,20,0.018989,0.18708,-0.13276,0.27778,0.64307,0.87035,20,0.019644,0.32448,0.014349,-0.33476,0.74997,0.59618,20,0.0058254,0.097614,-0.14315,-0.15708,0.3834,0.86339,20,0.012925,0.38329,0.36053,0.26562,-0.45975,0.69739,20,0.03866,0.1415,-0.14843,0.15207,-0.4079,0.30419,20,,,,,,,,,,,,,,,-0.0079623,1.0495,0.82633,0.057043,0.20483,0.82817,20,0.0014702,0.23257,0.083328,-0.19393,1.1529,0.57053,20,0.0043491,-0.082503,0.86943,0.13193,0.89125,0.94055,20
2015-06-30,0.031201,0.34219,-0.19928,0.42698,-0.3089,0.8134,20,0.041942,0.33157,-0.4306,-0.070491,-0.88149,0.41259,20,0.036238,0.14588,-0.13572,0.44079,-0.51625,0.32917,20,0.027865,0.29712,-0.10387,0.26804,-0.4797,0.54459,20,0.010187,0.25578,0.067955,0.23177,0.43449,0.81475,20,0.015715,0.26813,-0.16569,0.25737,0.49492,0.89291,20,0.022291,0.44487,-0.17183,-0.11292,0.079155,0.61227,20,0.0051084,0.11477,-0.14969,-0.1622,0.35345,0.8564,20,0.016613,0.41075,0.26171,0.41975,-0.7978,0.62123,20,0.035842,0.2063,-0.1711,0.12902,-0.51435,0.37444,20,,,,,,,,,,,,,,,-0.013124,1.0447,0.92624,-0.12164,0.53532,0.81217,20,0.0088495,0.3736,-0.21296,0.20957,0.11034,0.54578,20,0.002645,-0.1155,0.93834,0.038276,1.1338,0.94159,20
2015-09-30,0.036396,0.13394,-0.30252,0.60666,-0.029483,0.83025,20,0.035462,0.59276,-0.30088,-0.30644,-1.2246,0.52353,20,0.04395,-0.19044,-0.30696,0.92844,-0.20236,0.54657,20,0.032445,0.10418,-0.20107,0.50244,-0.26808,0.58406,20,0.016549,0.0096986,-0.052556,0.3791,0.80988,0.79087,20,0.015318,0.27929,-0.16095,0.28232,0.45589,0.90238,20,0.02593,0.25581,-0.27273,0.36422,0.11439,0.64339,20,0.0037437,0.16616,-0.12476,-0.18242,0.26772,0.864,20,0.026844,-0.010281,0.051172,0.86235,-0.28808,0.73227,20,0.038483,0.091476,-0.22951,0.2932,-0.40556,0.41831,20,,,,,,,,,,,,,,,-0.0069713,0.85069,0.83883,-0.33744,1.0621,0.71211,20,0.023861,-0.23314,-0.51458,0.76939,0.89917,0.57656,20,-0.0013596,0.029655,1.0077,0.024817,0.86132,0.90062,20
2015-12-31,0.03607,0.11657,-0.29368,0.67357,-0.037705,0.78107,20,0.029229,0.61982,-0.18428,-0.56178,-1.0131,0.46187,20,0.035321,-0.15309,-0.14552,0.57543,0.090216,0.24658,20,0.029232,0.11743,-0.14087,0.37382,-0.15982,0.48847,20,0.015633,-0.0035301,-0.032931,0.4151,0.82326,0.74143,20,0.011205,0.26703,-0.079656,0.24251,0.56444,0.78345,20,0.020538,0.31861,-0.17759,-0.024972,0.33775,0.61464,20,0.0014681,0.1732,-0.081784,-0.26347,0.34198,0.82789,20,0.028122,-0.019781,0.02784,0.93159,-0.33548,0.71398,20,0.032397,0.1288,-0.11726,-0.0026742,-0.18795,0.27244,20,0.0064548,0.077587,0.31517,-0.080506,0.061844,0.58633,16,0.019337,0.17465,-0.11427,-0.066885,-0.29909,0.14114,16,-0.011312,0.89284,0.91664,-0.61483,1.2333,0.71775,20,0.032453,-0.32895,-0.6668,1.3713,0.54766,0.64996,20,-0.0054483,0.04381,1.0848,-0.1273,0.9963,0.88218,20
2016-03-31,0.035075,0.13207,-0.28225,0.61699,-0.030627,0.77101,20,0.026687,0.64577,-0.31057,-0.75485,-1.0327,0.45971,20,0.034539,-0.14701,-0.20597,0.50933,0.078975,0.21654,20,0.027257,0.14289,-0.17876,0.24256,-0.16042,0.46864,20,0.018004,-0.035319,-0.0013593,0.56834,0.82061,0.73649,20,0.0084318,0.30947,-0.056935,0.081806,0.58197,0.78361,20,0.024474,0.25415,-0.25813,0.18801,0.30118,0.63859,20,4.8517e-05,0.18999,-0.12609,-0.36312,0.33741,0.79888,20,0.028766,-0.029184,0.027679,0.97049,-0.33832,0.69857,20,0.029562,0.16981,-0.12094,-0.1753,-0.17654,0.29355,20,0.0071864,0.076703,0.35642,-0.034103,0.028962,0.63956,17,0.021478,0.17206,0.0064496,0.068915,-0.39532,0.095119,17,-0.01102,0.89352,0.97264,-0.57977,1.2456,0.71667,20,0.03379,-0.3397,-0.56764,1.483,0.56586,0.60226,20,-0.0062765,0.060278,1.1346,-0.16187,1.012,0.88908,20
2016-06-30,0.033033,0.09344,-0.33128,0.46021,0.23333,0.83408,20,0.024056,0.6258,-0.40632,-0.88065,-0.91385,0.5382,20,0.033087,-0.1424,-0.27587,0.47991,0.028511,0.25432,20,0.025518,0.1276,-0.23973,0.1541,-0.066369,0.5299,20,0.017969,-0.02784,-0.01109,0.58649,0.76468,0.73352,20,0.0080087,0.3009,-0.066469,0.047862,0.64089,0.78553,20,0.024361,0.25816,-0.26756,0.19508,0.27011,0.63747,20,0.00017514,0.19322,-0.12396,-0.35127,0.31485,0.79438,20,0.027844,-0.027306,-0.015555,0.94913,-0.36259,0.70477,20,0.028033,0.16655,-0.18568,-0.22706,-0.16942,0.37472,20,0.0072135,0.072861,0.36173,-0.042771,0.05485,0.65227,18,0.02153,0.16475,0.016554,0.052423,-0.34606,0.089239,18,-0.011614,0.89321,0.94646,-0.59741,1.2412,0.71782,20,0.03193,-0.37024,-0.61734,1.3521,0.77178,0.62646,20,-0.0060754,0.02913,1.1777,-0.23585,1.2455,0.86603,20
2016-09-30,0.033262,0.095762,-0.28742,0.45426,0.13818,0.68654,20,0.022115,0.64437,-0.49642,-0.93012,-0.72927,0.53413,20,0.030125,-0.10226,-0.32641,0.3736,0.11819,0.25144,20,0.02489,0.1385,-0.23286,0.12532,-0.086191,0.35388,20,0.018803,-0.02787,0.086186,0.58699,0.55607,0.55194,20,0.0092321,0.28937,-0.0083366,0.07857,0.52159,0.62054,20,0.022494,0.28649,-0.27709,0.12016,0.27734,0.47671,20,0.00044884,0.18536,-0.14993,-0.33059,0.3742,0.69073,20,0.026395,-0.00013563,0.015296,0.87746,-0.44143,0.59964,20,0.027058,0.18311,-0.17765,-0.27079,-0.19437,0.25269,20,0.006282,0.087529,0.36993,-0.085385,0.031583,0.64071,19,0.021473,0.16564,0.017048,0.04986,-0.34746,0.089311,19,-0.0065067,0.86731,1.3529,-0.52722,0.38169,0.69949,20,0.030348,-0.32725,-0.48548,1.239,0.46892,0.38545,20,-0.0048653,0.0064673,1.1522,-0.17607,1.3109,0.84502,20
2016-12-31,0.02774,0.26152,-0.15516,0.18581,-0.03758,0.63246,20,0.022154,0.7141,-0.4501,-0.91251,-0.90399,0.57269,20,0.025694,0.023905,-0.22485,0.15669,-0.00587,0.20989,20,0.023078,0.25747,-0.14643,0.05158,-0.30415,0.39029,20,0.010846,0.1075,0.20779,0.1773,0.55959,0.4656,20,0.011222,0.23856,-0.050051,0.17725,0.56282,0.61839,20,0.017705,0.55516,-0.079144,-0.084898,-0.18516,0.53095,20,0.0025199,0.17566,-0.16456,-0.21829,0.3099,0.71573,20,0.019415,0.1721,0.15762,0.52988,-0.57104,0.42687,20,0.025692,0.19872,-0.16186,-0.3428,-0.17485,0.26331,20,0.0048829,0.12269,0.39888,-0.15491,0.0040167,0.77392,20,0.020701,0.18505,0.033033,0.011473,-0.36268,0.10418,20,-0.0021592,0.75126,1.2584,-0.31268,0.48421,0.72384,20,0.016894,0.028093,-0.19559,0.5743,0.16108,0.25426,20,-0.00085172,-0.11023,1.0585,0.019869,1.4292,0.84062,20
2017-03-31,0.027644,0.26104,-0.15583,0.18067,-0.007087,0.59867,20,0.021117,0.63607,-0.46833,-0.94609,-0.63461,0.52749,20,0.025401,0.031698,-0.22553,0.13799,0.096077,0.22905,20,0.022529,0.23068,-0.15391,0.029286,-0.14879,0.36589,20,0.011245,0.10324,0.20968,0.20081,0.4262,0.36588,20,0.011237,0.2206,-0.052641,0.18364,0.54234,0.53785,20,0.017068,0.5882,-0.078237,-0.13059,0.050774,0.58452,20,0.0022475,0.1772,-0.16605,-0.23394,0.39984,0.71691,20,0.019419,0.16636,0.15679,0.53188,-0.57733,0.42546,20,0.025124,0.19274,-0.16635,-0.37261,0.0049069,0.30823,20,0.00494,0.1337,0.40089,-0.15514,-0.0049668,0.77829,20,0.020152,0.17394,0.027898,-0.015641,-0.19386,0.12113,20,-0.0019554,0.59336,1.236,-0.2525,0.28074,0.71682,20,0.019683,0.13181,-0.16242,0.69752,-0.65604,0.18717,20,-0.0012607,-0.078705,1.0607,-0.012649,1.5896,0.87095,20
2017-06-30,0.027404,0.28855,-0.14628,0.0061729,0.11964,0.47505,20,0.020896,0.61766,-0.48974,-0.79277,-0.74384,0.45368,20,0.023032,0.095345,-0.27458,-0.092594,0.27357,0.22404,20,0.022132,0.24694,-0.15829,-0.049427,-0.090212,0.31521,20,0.011073,0.11719,0.21254,0.11719,0.48721,0.34983,20,0.0081031,0.28214,-0.13317,0.041273,0.66011,0.5824,20,0.017595,0.58009,-0.063141,-0.12271,0.042523,0.53011,20,0.0026599,0.16165,-0.1606,-0.16168,0.34584,0.61531,20,0.019792,0.17112,0.17472,0.46208,-0.52894,0.38151,20,0.024917,0.20046,-0.16912,-0.40831,0.031602,0.28827,20,0.0067301,0.10317,0.45009,-0.107,-0.048364,0.85584,20,0.018855,0.20121,-0.0041916,-0.087499,-0.13581,0.14679,20,-0.00062324,0.55732,1.2635,-0.12108,0.17967,0.71181,20,0.019057,0.17635,-0.15627,0.43766,-0.466,0.12538,20,-0.0014211,-0.073834,1.0577,-0.032291,1.6045,0.86932,20
2017-09-30,0.026967,0.27633,-0.1259,-0.02576,0.34044,0.50647,20,0.020066,0.59449,-0.45967,-0.84449,-0.39754,0.46398,20,0.023137,0.098265,-0.25772,-0.10737,0.4043,0.23909,20,0.021747,0.23618,-0.13438,-0.083688,0.15453,0.35977,20,0.012099,0.14589,0.16791,0.18886,-0.0040553,0.266,20,0.0084941,0.29306,-0.13686,0.054831,0.58546,0.55571,20,0.016966,0.56248,-0.026549,-0.17618,0.42171,0.5711,20,0.0025457,0.15845,-0.15608,-0.16919,0.39677,0.61024,20,0.02022,0.18308,0.16834,0.47935,-0.6305,0.39389,20,0.02451,0.18909,-0.15346,-0.43463,0.2092,0.31538,20,0.0064892,0.096442,0.45611,-0.11921,0.029277,0.86141,20,0.018985,0.20483,0.017834,-0.10698,0.035771,0.18353,20,-0.0011156,0.54358,1.2566,-0.12633,0.17683,0.69457,20,0.020318,0.21157,-0.16346,0.47656,-0.66721,0.13573,20,-0.0019202,-0.087783,1.0759,-0.06345,1.8132,0.87336,20
2017-12-31,0.027364,0.29262,-0.12426,0.0066146,0.25823,0.51735,20,0.019691,0.6042,-0.46247,-0.85345,-0.44588,0.46655,20,0.024693,0.15663,-0.25101,0.014733,0.10953,0.23711,20,0.022516,0.23837,-0.12974,-0.046278,0.14269,0.37606,20,0.012598,0.14943,0.17081,0.21492,-0.022392,0.28616,20,0.0084871,0.29529,-0.13701,0.056424,0.57429,0.56,20,0.016956,0.59653,-0.028302,-0.14733,0.25079,0.58515,20,0.0022252,0.16462,-0.15837,-0.17869,0.36617,0.60997,20,0.019952,0.17865,0.1669,0.46313,-0.60796,0.39431,20,0.024795,0.2097,-0.15273,-0.40373,0.10542,0.31523,20,0.0055407,0.11194,0.44948,-0.14969,-0.047451,0.89949,20,0.018777,0.20552,0.016515,-0.11599,0.03253,0.18377,20,-0.0026551,0.62666,1.243,-0.12593,-0.23852,0.74089,20,0.021765,0.19551,-0.15372,0.52961,-0.5882,0.15589,20,-0.0007369,-0.097094,1.0836,-0.016803,1.8587,0.87535,20
2018-03-31,0.028111,0.3576,-0.14571,0.0011793,0.021436,0.55732,20,0.023118,0.69394,-0.51217,-0.75991,-0.99815,0.48973,20,0.024801,0.25945,-0.27594,-0.039206,-0.16407,0.29466,20,0.024836,0.32484,-0.1694,0.002436,-0.29714,0.43895,20,0.013124,0.20414,0.15361,0.20602,-0.21214,0.32514,20,0.010293,0.1866,-0.12675,0.19444,0.68297,0.56265,20,0.018803,0.68141,-0.063618,-0.11768,-0.14043,0.61444,20,0.0030511,0.10861,-0.1522,-0.11199,0.43204,0.62126,20,0.019778,0.25923,0.14953,0.40995,-0.79807,0.48493,20,0.026009,0.28053,-0.17946,-0.39278,-0.1903,0.40422,20,0.0056717,0.092325,0.45296,-0.13301,-0.0095171,0.9109,20,0.020242,0.22985,-0.0014505,-0.06803,-0.16761,0.18068,20,-0.0043561,0.53215,1.2793,-0.14395,0.16367,0.76942,20,0.024266,0.38275,-0.21844,0.52865,-1.3033,0.25016,20,0.00081386,-0.10192,1.0718,0.051376,1.7252,0.87692,20
2018-06-30,0.029027,0.35294,-0.10727,0.10021,-0.06903,0.54538,20,0.027652,0.76974,-0.77522,-0.97798,-1.48,0.5002,20,0.026415,0.30734,-0.46548,-0.26667,-0.34283,0.33673,20,0.026666,0.36813,-0.33379,-0.17655,-0.49598,0.47217,20,0.012293,0.19503,0.17991,0.21173,-0.12542,0.29834,20,0.0093764,0.11747,0.17318,0.62406,0.79895,0.65228,20,0.022871,0.80701,-0.56375,-0.72602,-0.59262,0.72108,20,0.0040913,0.11645,-0.16877,-0.093614,0.3248,0.58477,20,0.017581,0.26586,0.078144,0.20496,-0.57967,0.33547,20,0.025624,0.31035,-0.32342,-0.6341,-0.16189,0.47983,20,0.0059583,0.099817,0.42395,-0.16615,-0.040906,0.89996,20,0.020836,0.24032,-0.038372,-0.10045,-0.23089,0.17656,20,-0.00075308,0.4829,1.5725,0.46733,-0.18138,0.70352,20,0.019905,0.34571,-0.12993,0.48135,-0.8522,0.20969,20,-0.00036155,-0.15005,1.2706,0.31198,1.8599,0.89159,20
2018-09-30,0.028807,0.35663,-0.092875,0.1262,-0.1238,0.51466,20,0.028253,0.68983,-0.80407,-1.0395,-1.1419,0.43673,20,0.026575,0.34955,-0.48271,-0.29166,-0.42402,0.35142,20,0.026417,0.39879,-0.32146,-0.15071,-0.62942,0.4498,20,0.012239,0.13635,0.19239,0.22615,0.02185,0.2464,20,0.0092426,0.093742,0.18584,0.64337,0.83571,0.6448,20,0.022077,1.0137,-0.54087,-0.65843,-1.3117,0.76801,20,0.0038938,0.12966,-0.15734,-0.071639,0.24897,0.56136,20,0.017404,0.21872,0.097293,0.2327,-0.48871,0.26237,20,0.025128,0.3589,-0.29702,-0.58099,-0.39385,0.43252,20,0.0058055,0.083581,0.43677,-0.14556,-0.028238,0.90079,20,0.021073,0.39769,-0.07815,-0.1503,-0.60697,0.3621,20,-0.00079044,0.55708,1.5638,0.4618,-0.3891,0.71365,20,0.019812,0.30725,-0.11784,0.49774,-0.7674,0.18087,20,-0.00035586,-0.13359,1.2677,0.30907,1.8167,0.89165,20
2018-12-31,0.029188,0.31688,0.036085,0.3597,-0.38666,0.60136,20,0.029374,0.60173,-0.5541,-0.5901,-1.6494,0.40375,20,0.02621,0.32648,-0.33237,-0.012805,-0.73465,0.3891,20,0.026274,0.36319,-0.14368,0.17667,-0.99525,0.5761,20,0.01316,0.091739,0.27338,0.36718,-0.13969,0.25202,20,0.012152,-0.018091,0.31153,0.85009,0.59266,0.5896,20,0.026279,0.84156,-0.31193,-0.27291,-1.76,0.70568,20,0.0030694,0.15143,-0.14855,-0.04873,0.22664,0.68062,20,0.017706,0.19914,0.14601,0.3196,-0.58718,0.30849,20,0.02531,0.31513,-0.12447,-0.26588,-0.74725,0.4647,20,0.0060387,0.069791,0.46846,-0.089339,-0.092101,0.91286,20,0.023762,0.31066,-0.035069,-0.093359,-0.68151,0.25244,20,-0.0036181,0.65557,1.4873,0.34465,-0.24663,0.73159,20,0.021567,0.21908,0.05068,0.79251,-1.1044,0.18727,20,-0.00054406,-0.12949,1.2736,0.32141,1.8036,0.89384,20
2019-03-31,0.028998,0.32448,-0.018673,0.36027,-0.53828,0.60643,20,0.027916,0.71918,-0.5722,-0.71225,-1.7616,0.45821,20,0.025994,0.33497,-0.39556,-0.011834,-0.90948,0.38506,20,0.025654,0.40541,-0.2039,0.14127,-1.1803,0.62722,20,0.01273,0.11696,0.20381,0.35135,-0.34073,0.24439,20,0.011686,0.0080252,0.22806,0.83551,0.35369,0.59014,20,0.025413,0.89497,-0.43377,-0.31046,-2.1171,0.74478,20,0.0025885,0.18841,-0.16633,-0.08528,0.15874,0.7441,20,0.017062,0.23885,0.055347,0.29168,-0.85286,0.35109,20,0.025227,0.31249,-0.189,-0.25285,-0.91966,0.41252,20,0.0059156,0.079517,0.46566,-0.099249,-0.10487,0.91753,20,0.023705,0.30494,-0.10608,-0.07603,-0.86972,0.21468,20,-0.0039798,0.69678,1.565,0.28849,-0.059707,0.7971,20,0.020401,0.30328,-0.029727,0.71563,-1.3664,0.21318,20,-4.7326e-05,-0.17216,1.2616,0.36873,1.7943,0.89281,20
2019-06-30,0.029129,0.3077,0.015107,0.35102,-0.4346,0.58099,20,0.028889,0.63573,-0.36173,-0.6752,-1.2905,0.31416,20,0.026004,0.30444,-0.36442,-0.087825,-0.68931,0.32372,20,0.025127,0.39994,-0.26826,-0.0089213,-1.0679,0.6293,20,0.013064,0.10662,0.25809,0.41099,-0.31174,0.25153,20,0.011522,0.012748,0.2018,0.80539,0.342,0.57016,20,0.024997,0.90234,-0.49592,-0.39878,-2.1133,0.75011,20,0.0025747,0.17935,-0.15927,-0.1121,0.2264,0.73354,20,0.016381,0.25444,-0.04998,0.15584,-0.87197,0.33747,20,0.024448,0.32001,-0.29943,-0.4348,-0.8667,0.5189,20,0.006076,0.072373,0.49387,-0.076176,-0.07518,0.92132,20,0.024457,0.29465,0.003455,0.091777,-0.89885,0.24817,20,-0.006029,0.80183,1.1912,0.029294,-0.5392,0.69568,20,0.021104,0.28498,0.081134,0.85012,-1.3307,0.21826,20,-0.00015362,-0.15324,1.229,0.38987,1.6717,0.88256,20
2019-09-30,0.030329,0.34754,-0.17634,0.034237,-0.47266,0.60221,20,0.028609,0.67932,-0.4955,-0.84396,-1.3888,0.33172,20,0.026901,0.31306,-0.43616,-0.2276,-0.67485,0.32769,20,0.026007,0.43311,-0.42201,-0.25941,-1.1038,0.70286,20,0.013611,0.12254,0.17835,0.2768,-0.32453,0.18886,20,0.011875,0.034366,0.11211,0.66684,0.31074,0.53417,20,0.024637,0.89617,-0.45799,-0.33026,-2.1136,0.75703,20,0.0023416,0.17562,-0.13563,-0.068993,0.22565,0.73881,20,0.016413,0.28174,-0.14363,0.026954,-0.92612,0.35217,20,0.024489,0.32726,-0.32586,-0.47268,-0.87993,0.52951,20,0.0057778,0.060565,0.54788,0.011295,-0.061859,0.93754,20,0.023206,0.26702,0.15615,0.35829,-0.88737,0.32519,20,-0.003381,0.81387,1.0248,-0.32155,-0.46946,0.68969,20,0.02177,0.35164,-0.1754,0.46996,-1.442,0.2104,20,-0.0006654,-0.17122,1.314,0.52952,1.69,0.89213,20
2019-12-31,0.03084,0.39496,-0.22316,-0.073969,-0.58727,0.63378,20,0.0281,0.54563,-0.37878,-0.51661,-0.95766,0.3094,20,0.027662,0.33626,-0.46744,-0.26836,-0.67187,0.36392,20,0.025748,0.38273,-0.37692,-0.13765,-0.94908,0.72074,20,0.014017,0.18425,0.12167,0.12979,-0.50374,0.20679,20,0.012052,0.041162,0.10371,0.6538,0.30627,0.53628,20,0.024401,0.91316,-0.46789,-0.37906,-2.2032,0.75092,20,0.0019099,0.15125,-0.10879,-0.017427,0.26498,0.73887,20,0.017458,0.35619,-0.22112,-0.13714,-1.078,0.40802,20,0.024312,0.26454,-0.27211,-0.31764,-0.67055,0.45651,20,0.0059602,0.10308,0.51043,-0.092307,-0.19658,0.95565,20,0.022363,0.20785,0.21793,0.48839,-0.76812,0.3084,20,-0.0055393,0.60901,1.2262,0.14708,0.031478,0.69309,20,0.023806,0.5528,-0.37186,0.0078271,-1.9435,0.25381,20,-0.0015268,-0.232,1.3774,0.66326,1.813,0.89281,20
2020-03-31,0.03004,0.18209,-0.21261,-0.066898,0.49192,0.85996,20,0.026932,0.38741,-0.38511,-0.48559,-0.19371,0.44081,20,0.027017,0.17542,-0.46044,-0.26123,0.14088,0.62605,20,0.024756,0.20433,-0.37602,-0.11728,-0.066016,0.79605,20,0.013956,0.019739,0.14359,0.11024,0.36734,0.60525,20,0.011469,-0.092803,0.10841,0.66178,0.9802,0.87043,20,0.021581,0.58452,-0.49076,-0.29694,-0.64251,0.73987,20,0.0014355,0.15538,-0.12111,0.0044475,0.21147,0.91026,20,0.016574,0.1473,-0.21322,-0.12574,-0.025601,0.49776,20,0.022836,0.050975,-0.27815,-0.28032,0.36741,0.7329,20,0.0051428,-0.052286,0.51236,-0.076653,0.57554,0.84663,20,0.021776,0.092974,0.21979,0.49919,-0.19606,0.29203,20,-0.009274,0.094399,1.2072,0.24508,2.5206,0.84725,20,0.024193,0.22268,-0.31528,-0.05432,-0.16158,0.36366,20,-0.0011836,-0.17127,1.3772,0.65608,1.5128,0.91789,20
2020-06-30,0.027377,0.20501,-0.21523,-0.19594,0.49103,0.90458,20,0.025218,0.31609,-0.05669,-0.28926,0.16898,0.5531,20,0.024367,0.27491,-0.75714,-0.63856,-0.18362,0.50467,20,0.022918,0.1693,-0.18282,-0.04132,0.14796,0.84248,20,0.011726,0.076061,-0.0010415,-0.11835,0.20985,0.54566,20,0.011439,-0.061333,-0.011313,0.559,0.84848,0.88418,20,0.019534,0.52909,-0.21259,-0.15904,-0.33487,0.7745,20,0.0015397,0.1484,-0.097698,0.029222,0.23716,0.92947,20,0.013956,0.20475,-0.34971,-0.36594,-0.17384,0.42184,20,0.021423,0.138,-0.5667,-0.59181,0.050939,0.51388,20,0.0044699,-0.036147,0.472,-0.14285,0.53163,0.86641,20,0.021605,0.12675,0.095676,0.38605,-0.3325,0.24187,20,-0.0075916,0.32151,0.28226,-0.45761,1.5014,0.75239,20,0.019791,0.25255,-0.28891,-0.24162,-0.12927,0.38894,20,-0.00058851,-0.1609,1.3184,0.63464,1.4476,0.946,20
2020-09-30,0.028146,0.21044,0.088563,0.55423,0.25376,0.82028,20,0.027198,0.3075,0.39154,0.80944,-0.14718,0.47241,20,0.02421,0.29725,-0.47224,0.073371,-0.44136,0.47441,20,0.02324,0.17868,0.049643,0.53526,-0.044264,0.75673,20,0.012401,0.071634,0.12967,0.2011,0.12158,0.49928,20,0.014156,-0.11385,0.0014066,0.56461,0.94626,0.88346,20,0.023561,0.45652,-0.11564,0.044032,-0.25887,0.72102,20,0.0012333,0.15782,-0.047435,0.1575,0.1805,0.92692,20,0.0132,0.22317,-0.29678,-0.22671,-0.25087,0.43523,20,0.021459,0.14217,-0.49462,-0.41241,-0.011249,0.50138,20,0.0049211,-0.042819,0.50443,-0.066323,0.52111,0.85377,20,0.02591,0.026705,-0.13318,-0.22601,0.042191,0.05726,20,-0.010766,0.38727,0.33242,-0.30204,1.3298,0.75662,20,0.019143,0.27315,-0.17257,0.054719,-0.25795,0.39896,20,0.00085622,-0.19888,1.1765,0.26686,1.6308,0.94652,20
2020-12-31,0.030194,0.37014,-0.078618,0.37953,-0.0022264,0.8313,20,0.030752,1.0005,-0.019556,0.5175,-1.3213,0.44241,20,0.028792,0.76497,-0.8784,-0.31449,-1.2079,0.52094,20,0.025103,0.51155,-0.15699,0.38143,-0.60636,0.62069,20,0.013915,0.15337,0.016634,0.070967,-0.0039215,0.57069,20,0.018025,0.029515,-0.2684,0.23027,0.74052,0.94422,20,0.022099,0.65907,-0.088328,0.17735,-0.63167,0.6925,20,0.0024314,0.23726,-0.14118,0.054918,0.055291,0.9312,20,0.012874,0.24122,-0.28282,-0.19772,-0.2864,0.48189,20,0.021735,0.16148,-0.51649,-0.43598,-0.041862,0.52326,20,0.00474,-0.042552,0.51503,-0.050487,0.51849,0.85208,20,0.02421,-0.03169,-0.01596,-0.078959,0.12452,0.042208,20,-0.012574,0.47757,0.41274,-0.14155,1.1499,0.76982,20,0.022368,0.38118,-0.39411,-0.22425,-0.40932,0.53586,20,0.0028264,-0.11619,1.0363,0.096868,1.509,0.95734,20
2021-03-31,0.031623,0.35726,-0.07494,0.52882,-0.056966,0.83154,20,0.037203,0.74754,0.60732,2.0886,-1.3871,0.47287,20,0.026996,0.8133,-0.98376,-0.65015,-1.169,0.5176,20,0.030996,0.4597,-0.14563,0.9913,-0.83316,0.62354,20,0.013305,0.21544,-0.16213,-0.25334,-0.033161,0.60428,20,0.019876,0.055123,-0.39604,0.22889,0.63032,0.93704,20,0.021338,0.53328,0.32511,0.70872,-0.47919,0.70107,20,0.0034709,0.16216,0.067389,0.46625,0.076616,0.95354,20,0.011532,0.36562,-0.63803,-0.85517,-0.33945,0.64848,20,0.020147,0.25187,-0.75889,-0.95222,-0.051839,0.57241,20,0.0056696,-0.022724,0.4291,-0.083256,0.45667,0.83719,20,0.023879,0.069769,-0.32524,-0.567,0.045579,0.29971,20,-0.007896,0.70679,-0.42502,-0.90256,0.71839,0.77191,20,0.01896,0.50625,-0.69844,-1.0149,-0.36655,0.54451,20,0.0026188,-0.064244,0.87892,-0.15542,1.4704,0.96616,20
2021-06-30,0.031268,0.3544,0.26341,1.0209,-0.14871,0.77419,20,0.038614,0.70537,0.77586,2.2874,-1.3253,0.47262,20,0.026756,0.80145,-0.47468,0.081685,-1.2872,0.44536,20,0.031012,0.45351,0.017581,1.2232,-0.86474,0.61207,20,0.013254,0.21535,-0.12265,-0.19565,-0.044488,0.60255,20,0.019378,0.058933,-0.14291,0.60382,0.54599,0.88963,20,0.021748,0.51952,0.41677,0.82726,-0.46978,0.7045,20,0.003258,0.16786,0.060559,0.46274,0.063571,0.95422,20,0.011627,0.35836,-0.50165,-0.66377,-0.3603,0.57276,20,0.019995,0.24503,-0.4553,-0.51552,-0.12289,0.38268,20,0.0057692,-0.02633,0.45881,-0.043867,0.45746,0.83551,20,0.023694,0.073587,-0.29858,-0.52362,0.027683,0.27417,20,-0.010726,0.77109,-0.19025,-0.48569,0.47988,0.7673,20,0.019437,0.49264,-0.6598,-0.97378,-0.34199,0.53482,20,0.00069053,-0.014498,0.87094,-0.1105,1.3415,0.98016,20
2021-09-30,0.033024,0.28823,0.37267,1.2527,-0.086397,0.77719,20,0.043216,0.56347,0.99948,2.7739,-1.1834,0.48808,20,0.032137,0.53547,-0.013971,1.0349,-1.0532,0.41743,20,0.031677,0.49957,-0.082662,1.0378,-0.88949,0.62355,20,0.013328,0.18664,-0.066426,-0.086306,-0.024238,0.59551,20,0.020249,0.019433,-0.075405,0.74447,0.58143,0.88906,20,0.020229,0.6731,0.1304,0.25664,-0.58918,0.69714,20,0.0033581,0.16622,0.062553,0.46779,0.065677,0.95433,20,0.013716,0.21856,-0.25003,-0.15336,-0.24465,0.42272,20,0.02421,-0.02432,0.027082,0.46552,0.10182,0.2551,20,0.0062478,-0.029189,0.45837,-0.038981,0.46412,0.85109,20,0.02391,0.052207,-0.25878,-0.44425,0.044355,0.25217,20,-0.008678,0.69135,-0.057704,-0.20546,0.5543,0.76901,20,0.021201,0.4183,-0.53436,-0.71067,-0.27405,0.53135,20,0.00081057,-0.036824,0.91386,-0.026268,1.3579,0.97967,20
2021-12-31,0.038341,0.1852,0.22346,1.2284,0.082803,0.797,20,0.056206,0.27675,0.57874,2.5348,-0.62289,0.4914,20,0.036864,0.44249,-0.14884,1.0062,-0.89706,0.43569,20,0.039436,0.32655,-0.3368,0.88593,-0.54727,0.63856,20,0.01681,0.12345,-0.15726,-0.080176,0.068523,0.64251,20,0.024416,-0.048294,-0.17143,0.79246,0.65917,0.9066,20,0.023301,0.57411,-0.019184,0.039725,-0.32536,0.65979,20,0.0042357,0.13402,0.013533,0.38572,0.15751,0.9402,20,0.016159,0.22105,-0.23856,0.091691,-0.37665,0.44796,20,0.027078,-0.010019,0.058828,0.81169,-0.10104,0.2933,20,0.0085186,-0.067713,0.40345,-0.021161,0.5133,0.86196,20,0.025974,0.018866,-0.30601,-0.41942,0.082,0.37173,20,0.00093849,0.60418,-0.16828,0.26051,0.44286,0.77626,20,0.023252,0.37483,-0.5979,-0.73919,-0.19311,0.53401,20,0.00013457,-0.018914,0.94055,0.0015373,1.3162,0.97847,20
2022-03-31,0.033329,0.30955,0.33277,1.072,-0.0205,0.78621,20,0.040488,0.70486,0.89434,1.9701,-0.99617,0.48493,20,0.030382,0.67231,-0.056754,0.66971,-1.1199,0.44133,20,0.028266,0.6103,-0.097894,0.52448,-0.78605,0.58052,20,0.01787,0.10067,-0.18291,-0.053952,0.085816,0.63579,20,0.021061,0.0037096,-0.075911,0.74856,0.63042,0.89594,20,0.018957,0.65647,0.093751,-0.046359,-0.38202,0.68385,20,0.0038169,0.15172,0.01744,0.35842,0.13942,0.94082,20,0.019363,0.16106,-0.32237,0.15373,-0.33583,0.4754,20,0.02769,-0.022529,0.04356,0.82558,-0.091884,0.31949,20,0.0059587,-0.05754,0.49744,0.0027728,0.52953,0.90332,20,0.024432,0.040704,-0.26061,-0.43558,0.071459,0.3022,20,-0.00051159,0.69438,-0.17543,0.10972,0.34284,0.78384,20,0.019716,0.33826,-0.43187,-0.60761,-0.10523,0.54244,20,0.0006148,-0.024753,0.92573,0.0046979,1.3182,0.98244,20
2022-06-30,0.032272,0.14847,0.53464,1.5806,0.10696,0.83692,20,0.039778,0.78307,0.86492,1.8297,-1.0794,0.60116,20,0.030458,0.58864,0.013047,0.87941,-1.0427,0.49996,20,0.027795,0.58208,-0.046491,0.6385,-0.76872,0.6372,20,0.013998,0.035169,0.09215,0.45271,0.07747,0.707,20,0.019179,-0.07577,0.09998,1.118,0.66952,0.91041,20,0.026794,0.66166,-0.35028,-0.74261,-0.2497,0.66739,20,0.0059899,0.16164,-0.11317,0.14347,0.16843,0.93805,20,0.02097,0.098137,-0.35681,0.17635,-0.25071,0.48138,20,0.022633,-0.17177,0.45923,1.6521,-0.045082,0.43641,20,0.0063453,-0.080803,0.49635,0.029236,0.55737,0.91161,20,0.022133,0.032929,-0.12484,-0.21519,0.038312,0.12619,20,-0.00782,0.6787,0.24821,0.78698,0.22928,0.81716,20,0.016621,0.26921,-0.19722,-0.15943,-0.096782,0.57336,20,-6.4924e-06,-0.042039,0.97587,0.10352,1.323,0.98565,20
2022-09-30,0.032124,0.15305,0.55005,1.5976,0.09509,0.84648,20,0.044915,0.89614,0.54805,1.2595,-1.125,0.62463,20,0.030164,0.59951,0.045117,0.91331,-1.0693,0.52871,20,0.026136,0.58136,0.084705,0.82539,-0.81426,0.66409,20,0.012551,0.013858,0.1899,0.61413,0.07256,0.71572,20,0.01828,-0.099254,0.15249,1.2176,0.6837,0.91286,20,0.023328,0.62273,-0.10639,-0.35508,-0.28184,0.67488,20,0.0062693,0.16864,-0.12973,0.11251,0.16453,0.93882,20,0.01765,0.047056,-0.13428,0.54657,-0.25831,0.44165,20,0.020316,-0.21276,0.61015,1.9099,-0.04137,0.47841,20,0.0044216,-0.10336,0.63095,0.24426,0.54112,0.89406,20,0.021029,-0.0075797,-0.069819,-0.0939,0.075382,0.24239,20,-0.010612,0.66654,0.46014,1.1006,0.17108,0.82495,20,0.012375,0.18952,0.075719,0.31282,-0.082293,0.5932,20,0.0006056,-0.032569,0.93489,0.035271,1.3243,0.98595,20
2022-12-31,0.030677,0.12183,0.57659,1.7045,0.08756,0.82614,20,0.038286,0.75201,0.67498,1.8152,-1.2027,0.50384,20,0.027543,0.54359,0.089947,1.0668,-1.0564,0.49455,20,0.023137,0.51657,0.14004,1.0509,-0.83237,0.59724,20,0.013005,0.023827,0.18071,0.56983,0.081993,0.70849,20,0.017777,-0.11016,0.16201,1.2585,0.67865,0.90909,20,0.020249,0.55733,-0.055168,-0.19252,-0.25502,0.62674,20,0.0059496,0.16151,-0.12273,0.15015,0.15365,0.93192,20,0.014399,-0.022441,-0.077989,0.7454,-0.24788,0.33236,20,0.017875,-0.2647,0.65119,2.0441,-0.023574,0.439,20,0.0041242,-0.10979,0.63649,0.26723,0.53893,0.88889,20,0.020443,-0.019852,-0.060967,-0.074081,0.087813,0.2636,20,-0.010653,0.66541,0.46204,1.1177,0.16162,0.82753,20,0.014127,0.22764,0.042008,0.16383,-0.060341,0.55853,20,-0.0002983,-0.051603,0.94911,0.072924,1.3388,0.98503,20
2023-03-31,0.029929,0.091718,0.55412,1.729,0.12829,0.81161,20,0.034764,0.6497,0.60457,1.8715,-1.0425,0.45652,20,0.026622,0.4964,0.053184,1.1121,-0.99814,0.4704,20,0.021235,0.4704,0.11017,1.0678,-0.7532,0.56749,20,0.013428,0.033484,0.1868,0.567,0.064873,0.70534,20,0.018085,-0.10741,0.16261,1.2628,0.66963,0.90917,20,0.018537,0.51915,-0.079023,-0.18245,-0.18645,0.60056,20,0.0058261,0.15647,-0.1265,0.1543,0.16044,0.93024,20,0.013455,-0.051933,-0.098721,0.7636,-0.20331,0.33507,20,0.016914,-0.29345,0.63123,2.0607,0.020782,0.42232,20,0.0041784,-0.10121,0.64387,0.25586,0.53084,0.89063,20,0.019892,-0.025815,-0.062962,-0.080323,0.10482,0.31429,20,-0.010867,0.62016,0.4227,1.1796,0.20265,0.8199,20,0.01222,0.23035,0.056062,0.10731,-0.020258,0.61701,20,-0.00047531,-0.05066,0.95103,0.06664,1.342,0.98542,20
2023-06-30,0.029801,0.073375,0.5855,1.788,0.14664,0.81219,20,0.032801,0.46652,0.91637,2.4419,-0.84697,0.45498,20,0.025999,0.36798,0.27352,1.5328,-0.87467,0.46741,20,0.019449,0.2986,0.40273,1.6042,-0.57078,0.55605,20,0.014522,0.096389,0.080715,0.38278,-0.0098789,0.69166,20,0.018638,-0.093183,0.13934,1.2296,0.6472,0.90993,20,0.015564,0.31654,0.26395,0.42616,0.044344,0.57544,20,0.0052861,0.12316,-0.070246,0.25293,0.1993,0.92715,20,0.013356,-0.18113,0.1242,1.2015,-0.088633,0.36317,20,0.0178,-0.31706,0.67408,2.1657,0.025393,0.46258,20,0.0039316,-0.10008,0.64135,0.24519,0.53432,0.89482,20,0.019427,-0.026394,-0.063048,-0.091208,0.11372,0.37504,20,-0.014201,0.58474,0.47607,1.2081,0.29389,0.83174,20,0.012954,0.19535,0.11824,0.24699,-0.0029301,0.62612,20,-0.00030829,-0.052235,0.95415,0.076637,1.3403,0.98556,20
2023-09-30,0.027709,0.10565,0.6069,1.7858,0.078379,0.80782,20,0.028752,0.4407,1.062,2.7066,-0.89927,0.47449,20,0.024232,0.35808,0.33542,1.6441,-0.89871,0.47856,20,0.017412,0.32476,0.42978,1.6181,-0.63249,0.5631,20,0.015125,0.079017,0.084069,0.40802,0.017096,0.68267,20,0.017776,-0.068737,0.13501,1.1947,0.60898,0.90623,20,0.016601,0.34318,0.20305,0.29738,0.03963,0.58323,20,0.0060002,0.1264,-0.094365,0.21027,0.20972,0.92887,20,0.0096571,-0.13176,0.17114,1.221,-0.2024,0.30805,20,0.012819,-0.26034,0.74881,2.2218,-0.11898,0.42394,20,0.004005,-0.096863,0.63546,0.23201,0.53278,0.89854,20,0.018358,-0.02024,-0.039909,-0.060843,0.088186,0.21891,20,-0.014778,0.63944,0.42793,1.0679,0.23364,0.834,20,0.012157,0.21388,0.11904,0.22714,-0.034586,0.63279,20,-0.0004165,-0.052619,0.95768,0.082778,1.3387,0.98586,20
2023-12-31,0.023437,0.2247,0.4477,1.7559,-0.18329,0.81046,20,0.015582,0.80653,0.57142,2.6164,-1.7051,0.50296,20,0.019358,0.52939,0.1474,1.5475,-1.2217,0.4931,20,0.010151,0.54886,0.15531,1.5289,-1.0922,0.6016,20,0.014003,0.14661,0.035684,0.33627,-0.076731,0.70596,20,0.015269,0.048064,0.033116,1.0946,0.42302,0.92226,20,0.010747,0.49158,-0.012402,0.28223,-0.30871,0.58498,20,0.0065463,0.10893,-0.073611,0.21805,0.24472,0.92058,20,0.0067392,-0.064133,0.064879,1.2246,-0.37166,0.38348,20,0.0079845,-0.14562,0.57228,2.2231,-0.40126,0.47033,20,0.0029011,-0.059175,0.59308,0.21209,0.46039,0.9182,20,0.017729,0.0059771,-0.064909,-0.080545,0.04367,0.23804,20,-0.019928,0.96859,0.2025,0.70531,-0.20999,0.85644,20,0.0090404,0.33961,-0.0040999,0.13688,-0.2523,0.69915,20,-0.00019036,-0.069362,0.96799,0.10273,1.3597,0.9874,20
2024-03-31,0.023321,0.10801,0.62543,1.985,0.0066937,0.79371,20,0.014966,0.58923,0.88698,3.0613,-1.3748,0.4862,20,0.019715,0.41518,0.33944,1.7504,-1.0083,0.48223,20,0.0098753,0.39587,0.38356,1.835,-0.85039,0.57742,20,0.014184,0.11634,0.089908,0.38612,-0.015096,0.70464,20,0.015477,0.022463,0.081095,1.1343,0.47837,0.92255,20,0.010006,0.2828,0.28506,0.71649,-2.6157e-05,0.53674,20,0.0064402,0.11477,-0.08681,0.21166,0.22866,0.92058,20,0.005471,-0.20306,0.23301,1.5488,-0.21161,0.41064,20,0.0070981,-0.25128,0.70314,2.4661,-0.27498,0.48112,20,0.0030091,-0.037301,0.56308,0.16521,0.42983,0.91243,20,0.01769,-0.00070076,-0.055979,-0.065966,0.052655,0.2334,20,-0.022851,0.62171,0.63164,1.5036,0.20388,0.84192,20,0.0089139,0.22686,0.16707,0.35896,-0.06958,0.65288,20,-0.00012011,-0.06806,0.96866,0.097041,1.3616,0.98701,20
2024-06-30,0.020716,0.13565,0.57761,1.9529,-0.050565,0.78654,20,0.0073217,0.6916,0.71413,3.0222,-1.6279,0.50035,20,0.015979,0.45858,0.2651,1.7142,-1.1054,0.48301,20,0.0065029,0.43274,0.32,1.7962,-0.92886,0.57298,20,0.014085,0.12165,0.081576,0.39594,-0.034325,0.70479,20,0.014828,0.026956,0.072845,1.1201,0.47367,0.9195,20,0.0094992,0.27991,0.2884,0.68887,0.021894,0.53325,20,0.0056294,0.12575,-0.10532,0.20781,0.20135,0.92361,20,0.0028819,-0.17049,0.17768,1.5301,-0.28892,0.42256,20,0.0035509,-0.20642,0.62699,2.4411,-0.38183,0.49449,20,0.0029597,-0.032929,0.55629,0.17456,0.41334,0.90514,20,0.017349,0.0054928,-0.066181,-0.063526,0.034865,0.26662,20,-0.023666,0.61917,0.63381,1.4647,0.23076,0.83877,20,0.0088453,0.2241,0.17115,0.3491,-0.05714,0.65183,20,0.0002254,-0.076235,0.9819,0.089632,1.3873,0.98731,20
2024-09-30,0.019352,0.15136,0.548,1.9717,-0.099416,0.78537,20,0.0040955,0.72919,0.64472,3.0668,-1.7442,0.49755,20,0.012776,0.50089,0.20369,1.762,-1.2302,0.49227,20,0.0040839,0.4666,0.27648,1.8337,-1.0266,0.57809,20,0.014671,0.11934,0.10097,0.39101,-0.021493,0.69461,20,0.015918,0.018222,0.10226,1.1078,0.50571,0.91462,20,0.0088595,0.28788,0.2754,0.69808,-0.0021199,0.53323,20,0.0062075,0.12186,-0.088612,0.20181,0.21697,0.91801,20,0.0029955,-0.15964,0.19841,1.5371,-0.30722,0.40902,20,0.0010367,-0.16112,0.59693,2.4871,-0.50196,0.53051,20,0.0030928,-0.027243,0.57002,0.1778,0.40484,0.9076,20,0.016199,0.016719,-0.094163,-0.049135,-0.0026205,0.35435,20,-0.023196,0.68888,0.75682,1.5109,0.10949,0.81686,20,0.012922,0.17555,0.25728,0.29192,0.091884,0.66842,20,-0.00012745,-0.068433,0.97985,0.097107,1.3678,0.9883,20
2024-12-31,0.018491,0.17064,0.5531,1.9792,-0.14165,0.78508,20,0.0081924,0.72339,0.55606,2.9545,-1.6773,0.4892,20,0.012742,0.5076,0.19945,1.757,-1.2411,0.49524,20,0.0047334,0.48246,0.24986,1.8009,-1.0421,0.58263,20,0.013799,0.15098,0.097077,0.3878,-0.083129,0.70115,20,0.01476,0.052153,0.10316,1.1107,0.43644,0.90851,20,0.0082947,0.30052,0.27876,0.70301,-0.029816,0.53589,20,0.0064015,0.13937,-0.10612,0.18063,0.19242,0.92799,20,0.0018098,-0.19295,0.25026,1.6008,-0.27207,0.4211,20,-0.0014748,-0.16632,0.65783,2.5638,-0.52938,0.52918,20,0.0036325,-0.019217,0.55176,0.15516,0.39996,0.91343,20,0.016834,0.0086611,-0.10254,-0.060156,0.018917,0.37998,20,-0.02559,0.78792,0.73703,1.4913,-0.078745,0.82215,20,0.010074,0.18375,0.3158,0.36631,0.03882,0.65478,20,-9.6182e-05,-0.052023,0.96686,0.081574,1.3426,0.98987,20
2025-03-31,0.016849,0.27365,0.37365,1.6755,-0.24914,0.67509,20,-0.0090708,0.68188,0.23923,3.3,-0.83915,0.54134,20,0.015076,0.60626,0.1124,1.4175,-1.5173,0.4289,20,-0.0037502,0.47821,0.071628,1.9199,-0.65849,0.59452,20,0.018552,0.13302,0.22532,0.38514,-0.26241,0.63227,20,0.018691,0.085557,0.14186,0.9567,0.20368,0.76494,20,0.0028533,0.27693,0.19355,0.84496,0.25274,0.50599,20,0.0065945,0.11207,-0.063817,0.26413,0.23165,0.82921,20,,,,,,,,0.0020333,-0.0085813,0.51379,2.0238,-0.96103,0.48606,20,0.0066119,-0.037144,0.64146,0.17447,0.29923,0.93623,20,0.016871,0.013123,-0.10796,-0.074658,0.0094588,0.29938,20,-0.0082339,0.83507,1.048,1.1268,-0.93086,0.81371,20,0.015062,0.18182,0.42677,0.31028,-0.17896,0.63197,20,-0.0010322,-0.036613,0.92502,0.04474,1.3571,0.98877,20
2025-06-30,0.017062,0.25361,0.37039,1.6573,-0.065852,0.65071,20,-0.0085478,0.49298,0.29485,3.3669,0.38191,0.54576,20,0.01383,0.2017,0.36916,1.941,0.28988,0.49822,20,-0.0034207,0.45227,0.064272,1.8877,-0.40282,0.58121,20,0.018766,0.072271,0.24053,0.3993,0.14592,0.70489,20,0.019175,0.14292,0.087592,0.83317,0.05222,0.69018,20,0.002981,0.2326,0.20632,0.85988,0.54099,0.4488,20,0.0065865,0.088628,-0.052675,0.28415,0.35827,0.77535,20,,,,,,,,0.003521,0.28395,0.29402,1.5511,-2.0676,0.51841,20,0.0068153,0.0051105,0.61039,0.10805,0.13545,0.93214,20,0.016133,-0.078383,-0.023318,0.1171,0.26229,0.36391,20,-0.0096035,0.65635,1.2091,1.4896,-0.4121,0.80279,20,0.016748,0.26668,0.29007,-0.02827,-0.071887,0.64015,20,-0.0013248,-0.034465,0.94107,0.090021,1.2454,0.98402,20
2025-09-30,0.015058,0.25521,0.30521,1.4871,-0.087964,0.60088,20,-0.0079748,0.52239,0.25616,3.2184,0.30518,0.51942,20,0.012935,0.18049,0.38211,2.0097,0.34096,0.47736,20,-0.003423,0.46199,0.045552,1.8234,-0.42985,0.55902,20,0.017863,0.06959,0.21772,0.34515,0.14542,0.6559,20,0.01846,0.13261,0.085248,0.84439,0.074607,0.65325,20,0.0024049,0.26688,0.1227,0.58772,0.44063,0.42448,20,0.007052,0.094968,-0.050416,0.27936,0.34474,0.75534,20,,,,,,,,0.0028088,0.26889,0.30085,1.5938,-2.032,0.5074,20,,,,,,,,,,,,,,,-0.0096228,0.59607,1.3241,1.886,-0.2447,0.826,20,0.015045,0.25468,0.26032,-0.084652,-0.053527,0.59373,20,-0.0010099,-0.040818,0.96302,0.15704,1.2658,0.98749,20
2025-12-31,0.016533,0.24614,0.36489,1.334,-0.46362,0.54875,20,0.0030616,0.55581,0.41002,2.2429,-1.3513,0.39486,20,0.016011,0.15192,0.53443,1.6741,-0.55243,0.44568,20,0.0013219,0.46954,0.13138,1.3926,-1.2197,0.47819,20,0.017461,0.05712,0.24461,0.36182,0.07764,0.61797,20,0.018628,0.12749,0.10385,0.82006,-0.014762,0.58973,20,0.0063104,0.24809,0.26557,0.19111,-0.49434,0.44078,20,0.0084577,0.10272,-0.040911,0.16099,0.17357,0.63193,20,,,,,,,,0.0040454,0.26194,0.34898,1.4665,-2.3395,0.55318,20,,,,,,,,,,,,,,,-0.0097089,0.57625,1.3794,1.8608,-0.45467,0.8159,20,0.015035,0.23767,0.30926,-0.11238,-0.2457,0.58502,20,-0.00088334,-0.045751,0.98013,0.13692,1.1863,0.9904,20
2026-03-31,0.015342,0.24024,0.3795,1.0267,-0.40465,0.52234,20,0.0080695,0.34006,0.69584,1.5531,-0.92763,0.33762,20,0.014294,0.17899,0.50415,1.5241,-0.56672,0.4108,20,0.0041936,0.29833,0.36383,0.60568,-0.84414,0.54759,20,0.015965,0.097693,0.1937,0.37115,0.017749,0.60781,20,0.018732,0.097045,0.14727,0.59161,0.066556,0.5554,20,0.0087019,0.1461,0.40055,-0.12971,-0.29494,0.52759,20,0.0092803,0.068128,0.00481,0.054672,0.24079,0.64616,20,,,,,,,,0.0019144,0.34323,0.24254,1.6735,-2.4904,0.58361,20,,,,,,,,,,,,,,,-0.0058847,0.43131,1.5691,1.4972,-0.18647,0.83068,20,0.014116,0.2524,0.29269,-0.19062,-0.25405,0.58901,20,-0.00072718,-0.044593,0.97766,0.18039,1.1775,0.98998,20
