date,buyout|growth,buyout|term,buyout|inflation,buyout|credit,buyout|n,vc|growth,vc|term,vc|inflation,vc|credit,vc|n,fof_secondary|growth,fof_secondary|term,fof_secondary|inflation,fof_secondary|credit,fof_secondary|n,fof_primary|growth,fof_primary|term,fof_primary|inflation,fof_primary|credit,fof_primary|n,senior_loan|growth,senior_loan|term,senior_loan|inflation,senior_loan|credit,senior_loan|n,mezzanine|growth,mezzanine|term,mezzanine|inflation,mezzanine|credit,mezzanine|n,apac_equity|growth,apac_equity|term,apac_equity|inflation,apac_equity|credit,apac_equity|n,hfri_fof_cons|growth,hfri_fof_cons|term,hfri_fof_cons|inflation,hfri_fof_cons|credit,hfri_fof_cons|n,msci_gpfi|growth,msci_gpfi|term,msci_gpfi|inflation,msci_gpfi|credit,msci_gpfi|n,re_noncore|growth,re_noncore|term,re_noncore|inflation,re_noncore|credit,re_noncore|n,gl1|growth,gl1|term,gl1|inflation,gl1|credit,gl1|n,gl2|growth,gl2|term,gl2|inflation,gl2|credit,gl2|n,epra_nareit|growth,epra_nareit|term,epra_nareit|inflation,epra_nareit|credit,epra_nareit|n,infra_core|growth,infra_core|term,infra_core|inflation,infra_core|credit,infra_core|n,ftse_fi_infra|growth,ftse_fi_infra|term,ftse_fi_infra|inflation,ftse_fi_infra|credit,ftse_fi_infra|n
2010-03-31,0.88334,-1.3773,0.97742,-0.025195,16,0.39021,-0.95153,0.37335,-0.53634,16,0.53318,-1.65,1.8396,-1.0223,16,0.70021,-1.0905,2.1259,-0.31186,16,,,,,,-0.054972,-1.0484,0.67455,2.6152,16,0.86334,-1.6886,0.44079,0.61351,16,0.31943,-0.36592,0.52529,-0.02065,16,,,,,,0.89904,-0.9005,2.513,-3.4727,16,,,,,,,,,,,1.3295,0.3052,-0.5953,-0.038916,16,,,,,,,,,,
2010-06-30,0.84561,-1.0687,1.1569,0.10426,17,0.36875,-0.71813,0.52056,-0.43008,17,0.49107,-1.2184,2.0757,-0.8156,17,0.67373,-0.83803,2.2311,-0.20263,17,,,,,,-0.0068892,-1.0103,0.67928,2.6279,17,0.82399,-1.3867,0.63255,0.70844,17,0.30571,-0.26789,0.57556,0.027119,17,,,,,,0.76938,-0.50779,2.9369,-2.6405,17,,,,,,,,,,,1.2805,0.42084,-0.45443,0.17674,17,,,,,,,,,,
2010-09-30,0.84946,-0.97845,1.1652,0.078567,18,0.3779,-0.67542,0.5245,-0.42279,18,0.49842,-1.1757,2.0792,-0.76247,18,0.71398,-0.68102,2.2455,-0.34074,18,,,,,,0.02533,-0.90736,0.68897,2.6343,18,0.84889,-1.1701,0.65319,0.53904,18,0.29292,-0.28482,0.57374,0.074797,18,,,,,,0.7717,-0.43633,2.9275,-2.5925,18,,,,,,,,,,,1.2808,0.3699,-0.45721,0.20444,18,0.28,1.0649,0.11767,-0.3167,16,,,,,
2010-12-31,0.84677,-0.82866,1.2086,0.084379,19,0.40293,-0.76013,0.48951,-0.48032,19,0.52126,-1.1647,2.0648,-0.81075,19,0.71872,-0.61357,2.2499,-0.34874,19,,,,,,0.018994,-0.76099,0.73537,2.6316,19,0.85188,-1.0533,0.68929,0.52559,19,0.29312,-0.25047,0.58099,0.073462,19,,,,,,0.80035,-0.56692,2.7749,-2.6637,19,,,,,,,,,,,1.2649,0.4303,-0.43122,0.24992,19,0.27741,1.0016,0.10677,-0.33421,17,,,,,
2011-03-31,0.84616,-0.81802,1.1865,0.084673,20,0.39773,-0.72697,0.44312,-0.47773,20,0.51374,-1.116,1.9874,-0.807,20,0.71538,-0.59108,2.2052,-0.34707,20,,,,,,0.016136,-0.74213,0.70583,2.6279,20,0.83587,-0.96451,0.56934,0.53342,20,0.2929,-0.24712,0.57264,0.073564,20,,,,,,0.79448,-0.53765,2.7238,-2.6184,20,,,,,,,,,,,1.2619,0.43966,-0.44138,0.25512,20,0.28358,1.0039,0.13583,-0.35528,18,,,,,
2011-06-30,0.85365,-0.68462,1.2732,0.054143,20,0.39155,-0.718,0.56534,-0.49278,20,0.51772,-1.0495,2.0142,-0.82526,20,0.71869,-0.5041,2.2456,-0.36926,20,,,,,,0.037469,-0.61036,0.73492,2.6412,20,0.83775,-0.98229,0.54722,0.53514,20,0.2941,-0.2462,0.55207,0.073575,20,,,,,,0.80299,-0.35564,2.8333,-2.5973,20,,,,,,,,,,,1.2614,0.4782,-0.38328,0.26231,20,0.2824,1.0237,0.13732,-0.35753,19,,,,,
2011-09-30,0.8174,-0.43575,1.4041,0.082794,20,0.38136,-0.60743,0.641,-0.47536,20,0.47561,-0.81111,2.1558,-0.75679,20,0.67863,-0.30126,2.3363,-0.31446,20,,,,,,0.054149,-0.49692,0.77839,2.6455,20,0.83051,-0.78932,0.64856,0.50668,20,0.28648,-0.20307,0.57221,0.08116,20,,,,,,0.74582,-0.23455,2.8874,-2.4747,20,,,,,,,,,,,1.2227,0.48014,-0.35307,0.29979,20,0.32232,0.74169,0.1575,-0.46729,20,,,,,
2011-12-31,0.74278,-0.39918,2.1654,0.41591,20,0.35384,-0.59525,0.90918,-0.36137,20,0.43588,-0.80071,2.5507,-0.59943,20,0.64945,-0.29526,2.6717,-0.19661,20,,,,,,0.051494,-0.47978,1.0765,2.6503,20,0.79121,-0.77739,0.94271,0.68355,20,0.27691,-0.20154,0.66051,0.12243,20,,,,,,0.62794,-0.29353,4.6173,-2.0067,20,,,,,,,,,,,1.2092,0.46998,-0.2687,0.36769,20,0.34281,0.59577,0.064886,-0.49711,20,,,,,
2012-03-31,0.73381,-0.39076,2.2095,0.39308,20,0.35888,-0.60125,0.93064,-0.38829,20,0.42178,-0.77942,2.5983,-0.60692,20,0.63445,-0.27481,2.7003,-0.19226,20,,,,,,0.025589,-0.45122,1.1134,2.6197,20,0.77116,-0.75096,1.0017,0.68105,20,0.27276,-0.19332,0.65344,0.13721,20,0.8729,-1.116,2.8164,-0.23841,16,0.61452,-0.27886,4.6153,-2.019,20,,,,,,,,,,,1.2027,0.47308,-0.28085,0.39011,20,0.36059,0.54278,0.065675,-0.52177,20,,,,,
2012-06-30,0.70317,-0.23195,2.4749,0.5956,20,0.34301,-0.53755,1.0401,-0.28825,20,0.4068,-0.74672,2.6971,-0.54758,20,0.61752,-0.2074,2.8511,-0.10808,20,,,,,,-0.02145,-0.39363,1.2147,2.6163,20,0.73517,-0.54364,1.3148,0.96785,20,0.26822,-0.17012,0.70093,0.17236,20,0.8695,-1.0788,2.8455,-0.23606,17,0.61289,-0.29098,4.7333,-2.0004,20,,,,,,,,,,,1.2194,0.40565,-0.46336,0.18864,20,0.35806,0.59002,0.065774,-0.50994,20,,,,,
2012-09-30,0.71075,-0.17808,2.7361,0.34793,20,0.34059,-0.51687,1.1526,-0.41657,20,0.39626,-0.78644,2.6889,-0.43105,20,0.61216,-0.20826,2.9705,-0.13689,20,,,,,,-0.01947,-0.4018,1.2684,2.5887,20,0.7325,-0.57394,1.2904,1.0449,20,0.27026,-0.16946,0.72599,0.16571,20,0.86433,-1.0839,2.8403,-0.23538,18,0.62627,-0.16338,4.9275,-2.7252,20,,,,,,,,,,,1.2129,0.43246,-0.43887,0.13264,20,0.3602,0.66302,0.055757,-0.66812,20,,,,,
2012-12-31,0.71573,-0.22894,2.7069,0.45168,20,0.34502,-0.55044,1.0928,-0.35701,20,0.40008,-0.81196,2.7736,-0.41159,20,0.6186,-0.26637,2.9135,-0.006431,20,,,,,,-0.020508,-0.37676,1.3753,2.5813,20,0.74291,-0.68622,0.90901,1.2921,20,0.27317,-0.19794,0.66724,0.21625,20,0.86335,-1.0837,2.8039,-0.23121,19,0.63402,-0.24856,4.927,-2.9465,20,,,,,,,,,,,1.2078,0.51328,-0.20612,-0.013048,20,0.36675,0.41422,0.052925,-0.51964,20,,,,,
2013-03-31,0.71851,-0.23839,2.9201,0.5408,20,0.33991,-0.53356,1.3576,-0.40143,20,0.39258,-0.77909,3.2522,-0.34879,20,0.60557,-0.24051,3.439,0.0013101,20,,,,,,-0.02325,-0.44995,0.98968,2.6982,20,0.68946,-0.63745,1.4686,1.1005,20,0.27621,-0.21146,0.68895,0.19041,20,0.85875,-1.0794,2.7462,-0.26559,20,0.67399,-0.34076,4.7516,-3.3751,20,,,,,,,,,,,1.2206,0.48603,-0.38573,0.10326,20,0.38464,0.26804,0.046523,-0.30761,20,,,,,
2013-06-30,0.71301,-0.41832,1.7754,0.6056,20,0.33679,-0.59608,0.85088,-0.42145,20,0.38896,-0.80059,2.2825,-0.31899,20,0.60158,-0.34021,2.1651,0.036067,20,,,,,,0.015592,-0.37705,0.65661,2.6837,20,0.68882,-0.63767,1.277,1.1913,20,0.27797,-0.19026,0.43337,0.14941,20,0.85642,-1.06,1.5498,-0.048655,20,0.66444,-0.62208,2.9011,-2.8425,20,,,,,,,,,,,1.2154,0.398,-0.21093,0.16914,20,0.38655,-0.0023561,-0.057981,-0.29536,20,,,,,
2013-09-30,0.63414,-0.70949,1.6331,0.25089,20,0.34835,-0.76864,0.78107,-0.61664,20,0.37689,-0.99928,2.2067,-0.4238,20,0.52538,-0.69284,1.9882,-0.41443,20,,,,,,0.015589,-0.42601,0.64305,2.691,20,0.65823,-0.64194,1.3063,1.3343,20,0.25105,-0.3015,0.36994,0.025542,20,0.6979,-1.024,1.3123,-0.42351,20,0.5684,-0.92544,2.711,-3.5723,20,,,,,,,,,,,1.268,0.61575,0.015561,1.0264,20,0.3743,-0.12551,-0.070916,-0.52939,20,,,,,
2013-12-31,0.39326,-0.26919,0.86516,0.33672,20,0.2035,-0.58821,0.17961,-0.57359,20,0.042509,-0.41275,1.0658,-0.30855,20,0.26624,-0.23094,1.2211,-0.32522,20,,,,,,-0.10923,-0.20643,0.49204,2.497,20,0.51592,-0.4091,0.99494,1.3841,20,0.17159,-0.1692,0.028113,0.052785,20,0.53472,-0.055667,0.095011,0.37714,20,-0.11873,0.25549,-0.35889,-2.0261,20,,,,,,,,,,,1.1963,0.86301,-0.63877,1.2002,20,0.34481,-0.24364,-0.27915,-0.40714,20,,,,,
2014-03-31,0.50702,0.07574,-0.1548,-0.020527,20,0.22322,-0.58115,0.23852,-0.68629,20,0.12657,-0.15736,0.61907,-0.61865,20,0.393,0.23958,-0.12216,-0.78691,20,0.21143,0.15678,0.077932,1.3699,16,0.074244,0.044847,-0.38403,2.5675,20,0.65418,-0.095606,0.24094,1.0365,20,0.19002,-0.12171,-0.16287,-0.0068197,20,0.60995,-0.10173,-0.41749,0.47539,20,0.010276,0.82025,-3.0074,-1.6171,20,,,,,,,,,,,1.1042,0.70018,-0.037465,1.3583,20,0.30518,-0.20541,-0.1244,-0.42188,20,-0.081018,0.54632,0.086361,0.68938,16
2014-06-30,0.49329,0.050658,-0.088392,-0.42697,20,0.28887,-0.60423,0.3034,-0.92303,20,0.24188,-0.087946,0.37443,0.60469,20,0.49394,0.26469,-0.18692,-0.44542,20,0.2054,0.14436,0.018305,1.366,17,0.70571,-0.12193,0.082358,1.7507,20,0.50698,-0.1445,0.40621,0.18347,20,0.1993,-0.10878,-0.17891,0.20951,20,0.51855,0.21363,-0.79411,-1.56,20,0.25371,0.66547,-2.3589,-1.4611,20,,,,,,,,,,,0.95413,0.81451,0.10768,0.86259,20,0.35387,-0.17528,-0.00427,-0.30605,20,-0.076492,0.55196,0.12099,0.70646,17
2014-09-30,0.50482,0.077375,0.0018295,-0.46023,20,0.36741,-0.51582,0.31707,-0.59322,20,0.23264,-0.1038,0.55631,0.58964,20,0.47453,0.21406,-0.14572,-0.61413,20,0.20981,0.16212,0.041066,1.3833,18,0.71791,0.029604,0.23366,1.963,20,0.6203,0.37086,-0.52388,0.89821,20,0.19969,-0.12124,-0.18964,0.2453,20,0.89224,0.25495,-1.2659,0.96985,20,0.20567,0.6275,-2.3291,-1.7057,20,,,,,,,,,,,0.87041,0.69997,0.30388,0.67965,20,0.43477,0.064081,-0.24114,0.53902,20,-0.073239,0.55802,0.13063,0.71722,18
2014-12-31,0.5042,0.083076,-0.06223,-0.75943,20,0.34806,-0.50335,-0.096834,-1.6731,20,0.21734,-0.081587,0.23644,-0.70563,20,0.46508,0.22897,-0.41528,-1.5372,20,0.20915,0.16147,0.040925,1.3747,19,0.66192,0.026172,0.31427,2.2324,20,0.59729,0.39565,-0.98922,-0.65432,20,0.20024,-0.1241,-0.15468,0.39964,20,0.91782,0.27028,-1.7478,0.033551,20,0.25941,-0.036112,-0.47279,1.3309,20,,,,,,,,,,,0.85743,0.7874,0.062073,0.23254,20,0.44417,0.063977,0.020323,1.0304,20,-0.078391,0.55027,0.13853,0.72846,19
2015-03-31,0.50766,0.099861,-0.18418,-0.52914,20,0.35242,-0.48907,-0.21474,-1.425,20,0.22212,-0.048175,0.056472,-0.35248,20,0.46975,0.2667,-0.61318,-1.2082,20,0.21774,0.12775,0.087073,1.3688,20,0.66868,0.013135,0.34651,2.2489,20,0.60008,0.43981,-1.1802,-0.39739,20,0.19962,-0.11802,-0.15708,0.38825,20,0.9108,0.25739,-1.7463,0.09183,20,0.24815,-0.069529,-0.21695,-0.27929,20,,,,,,,,,,,0.8571,0.79025,0.057043,0.24394,20,0.44715,0.018287,0.058761,1.1529,20,-0.079464,0.55367,0.13193,0.73457,20
2015-06-30,0.51465,-0.068957,0.019694,-0.69289,20,0.35281,-0.53376,-0.1962,-1.5528,20,0.24946,-0.24326,0.23999,-0.59462,20,0.46159,0.12998,-0.39185,-1.3145,20,0.25972,0.012638,0.23177,1.348,20,0.70342,-0.088759,0.42742,2.1121,20,0.67074,0.15632,-0.80627,-0.77028,20,0.20999,-0.11361,-0.1622,0.36818,20,0.81075,0.3602,-1.4056,-0.99236,20,0.39954,-0.22035,-0.27721,-1.1319,20,,,,,,,,,,,0.90657,0.9076,-0.12164,0.4624,20,0.50925,-0.21801,0.39744,0.11034,20,-0.11485,0.64103,0.038276,0.80857,20
2015-09-30,0.42703,-0.36095,0.62106,0.044591,20,0.4179,-0.41586,-0.4096,-2.3157,20,0.20411,-0.50633,0.98337,-0.16189,20,0.31711,-0.28901,0.32346,-0.089648,20,0.10266,-0.10561,0.3791,1.2679,20,0.95892,0.05617,0.48486,2.2799,20,0.56322,-0.25908,-0.053693,0.31391,20,0.22535,-0.11544,-0.18242,0.27002,20,0.23592,-0.068089,0.020435,0.21365,20,0.33829,-0.49312,0.11546,-0.67132,20,,,,,,,,,,,0.7511,0.82047,-0.33744,1.0041,20,0.4261,-0.54267,0.94542,0.89917,20,0.035741,0.59652,0.024817,0.96228,20
2015-12-31,0.40183,-0.28633,0.62843,0.14262,20,0.3719,-0.28309,-0.89723,-2.1566,20,0.11387,-0.17013,0.28537,0.19359,20,0.28233,-0.16791,0.065694,0.047479,20,0.089369,-0.048565,0.4151,1.2305,20,0.93615,0.1089,0.59783,2.2157,20,0.53024,-0.13467,-0.58978,0.45805,20,0.21713,-0.088539,-0.26347,0.30328,20,0.2192,-0.2879,0.75829,-0.33923,20,0.26138,-0.22555,-0.65658,-0.10347,20,0.061671,0.24908,-0.080506,0.19676,16,0.16143,-0.17207,-0.066885,0.19524,16,0.76034,0.84868,-0.61483,1.065,20,0.43536,-0.69459,1.4144,0.54766,20,0.01532,0.64387,-0.1273,1.0032,20
2016-03-31,0.39914,-0.26285,0.70037,0.12732,20,0.40502,-0.53338,-0.75428,-2.0849,20,0.13034,-0.23093,0.74048,0.26187,20,0.29092,-0.20903,0.24595,0.076043,20,0.096625,0.0030309,0.56834,1.2241,20,0.9261,0.2437,0.77188,2.1873,20,0.56435,-0.23681,0.22417,0.6175,20,0.22091,-0.1462,-0.36312,0.29957,20,0.22631,-0.25654,0.93921,-0.35437,20,0.2811,-0.25406,-0.16692,-0.14742,20,0.069668,0.28863,-0.034103,0.20238,17,0.18628,-0.051853,0.068915,0.15246,17,0.75778,0.89308,-0.57977,1.1008,20,0.41929,-0.59593,1.4319,0.56586,20,0.022698,0.69558,-0.16187,1.0338,20
2016-06-30,0.40374,-0.32436,0.55216,0.29551,20,0.41633,-0.63144,-1.0446,-1.78,20,0.1357,-0.31814,0.69264,0.19713,20,0.29623,-0.2842,0.14031,0.13787,20,0.10668,-0.028958,0.58649,1.2191,20,0.90432,0.30335,0.81922,2.178,20,0.56409,-0.25567,0.23433,0.524,20,0.21936,-0.13606,-0.35127,0.25046,20,0.20847,-0.30637,0.90059,-0.34856,20,0.28661,-0.33602,-0.25515,-0.042587,20,0.063607,0.29534,-0.042771,0.20737,18,0.1761,-0.048098,0.052423,0.15313,18,0.75905,0.90518,-0.59741,1.0975,20,0.42336,-0.63558,1.3766,0.77178,20,-0.024967,0.73101,-0.23585,1.1222,20
2016-09-30,0.34077,-0.2959,0.5382,0.16783,20,0.47457,-0.73364,-1.0786,-1.7531,20,0.13508,-0.3665,0.59928,0.19193,20,0.22333,-0.23052,0.1264,-0.041785,20,0.10283,0.059504,0.58699,0.97114,20,0.89417,0.35084,0.87255,1.9757,20,0.53571,-0.26809,0.1312,0.44372,20,0.21219,-0.15449,-0.33059,0.26045,20,0.17595,-0.1077,0.80375,-0.54197,20,0.10264,-0.14326,-0.27743,-0.45046,20,0.069613,0.30477,-0.085385,0.18211,19,0.1761,-0.047187,0.04986,0.14999,19,0.51801,1.348,-0.52722,0.21992,20,0.25864,-0.48176,1.2892,0.46892,20,-0.032736,0.9116,-0.17607,1.1712,20
2016-12-31,0.34979,-0.20356,0.24069,0.11267,20,0.49893,-0.48494,-1.1004,-1.9909,20,0.14191,-0.29563,0.3167,0.23091,20,0.24078,-0.15757,0.033904,-0.14008,20,0.12315,0.16706,0.1773,0.87174,20,0.62476,0.041107,0.87081,1.9025,20,0.5652,-0.070916,-0.16603,0.072639,20,0.22683,-0.12927,-0.21829,0.23508,20,0.16459,-0.022627,0.38266,-0.54611,20,0.072945,-0.087475,-0.38719,-0.2139,20,0.10901,0.37428,-0.15491,0.18885,20,0.18606,0.012949,0.011473,0.11914,20,0.51966,1.2938,-0.31268,0.28503,20,0.27282,-0.19603,0.74545,0.16108,20,-0.10847,0.82665,0.019869,1.1598,20
2017-03-31,0.35268,-0.2034,0.23319,0.17266,20,0.52553,-0.50415,-1.1452,-1.6221,20,0.1624,-0.29347,0.29268,0.37775,20,0.24326,-0.16187,0.015326,-0.0021245,20,0.12343,0.16679,0.20081,0.73923,20,0.52047,0.024661,0.8244,1.924,20,0.62042,-0.064037,-0.2025,0.23416,20,0.23208,-0.12881,-0.23394,0.32334,20,0.17519,-0.0031798,0.37888,-0.5478,20,0.13856,-0.092328,-0.36899,0.025398,20,0.11811,0.38391,-0.15514,0.18995,20,0.17237,0.015139,-0.015641,0.21487,20,0.35066,1.2688,-0.2525,0.11838,20,0.20914,-0.15603,0.62908,-0.65604,20,-0.079977,0.84249,-0.012649,1.382,20
2017-06-30,0.34886,-0.17057,0.049832,0.15825,20,0.50691,-0.5359,-1.0115,-1.6424,20,0.19428,-0.30462,0.010704,0.39868,20,0.23371,-0.1448,-0.051691,-0.016108,20,0.13007,0.18752,0.11719,0.77304,20,0.58643,-0.06453,0.62129,2.0651,20,0.5758,-0.015669,-0.13784,0.19095,20,0.20882,-0.12768,-0.16168,0.30669,20,0.17549,0.045255,0.33401,-0.50469,20,0.12885,-0.066566,-0.4054,0.057655,20,0.091413,0.45944,-0.107,0.09972,20,0.1916,0.011934,-0.087499,0.25616,20,0.42052,1.2821,-0.12108,0.10191,20,0.21338,-0.15705,0.43013,-0.466,20,-0.077383,0.90169,-0.032291,1.4003,20
2017-09-30,0.36668,-0.14462,0.018861,0.37757,20,0.5591,-0.52322,-1.0466,-1.3991,20,0.21155,-0.28735,-0.001756,0.56939,20,0.25824,-0.11752,-0.082766,0.19669,20,0.16554,0.13618,0.18886,0.46503,20,0.57462,-0.05009,0.611,2.2683,20,0.59289,0.011103,-0.16891,0.36484,20,0.20732,-0.12365,-0.16919,0.36847,20,0.18179,0.041616,0.33793,-0.62113,20,0.14322,-0.056822,-0.39245,0.23712,20,0.08404,0.46067,-0.11921,0.16034,20,0.1937,0.043579,-0.10698,0.42882,20,0.38694,1.2746,-0.12633,0.084732,20,0.23309,-0.15159,0.43046,-0.66721,20,-0.094383,0.89022,-0.06345,1.5222,20
2017-12-31,0.37501,-0.14897,0.046481,0.32309,20,0.54793,-0.52052,-1.0805,-1.4966,20,0.24837,-0.30538,0.12054,0.35278,20,0.2671,-0.1199,-0.045036,0.21666,20,0.17573,0.13288,0.21492,0.50797,20,0.55682,-0.046048,0.56319,2.3583,20,0.6008,0.0035543,-0.1425,0.19337,20,0.20333,-0.1233,-0.17869,0.3404,20,0.18307,0.037571,0.34517,-0.59868,20,0.15008,-0.055968,-0.38849,0.11654,20,0.093623,0.46771,-0.14969,0.10646,20,0.19133,0.043909,-0.11599,0.44467,20,0.39083,1.2903,-0.12593,-0.32464,20,0.25131,-0.14124,0.51129,-0.5882,20,-0.09915,0.8861,-0.016803,1.5758,20
2018-03-31,0.39456,-0.16879,0.030458,0.060166,20,0.53469,-0.54421,-0.9987,-2.0005,20,0.28722,-0.31592,0.0306,-0.046529,20,0.28096,-0.17002,0.002436,-0.19004,20,0.23469,0.10837,0.20602,0.46932,20,0.49101,-0.10752,0.69933,2.2183,20,0.62783,-0.033491,-0.11768,-0.1701,20,0.18365,-0.12353,-0.11199,0.46098,20,0.19455,0.028705,0.31768,-0.79807,20,0.17423,-0.051181,-0.43883,-0.19181,20,0.072603,0.47612,-0.13301,0.13498,20,0.21977,0.022981,-0.06803,0.40103,20,0.40068,1.3112,-0.14395,0.10184,20,0.274,-0.19575,0.5277,-1.3033,20,-0.094304,0.91028,0.051376,1.4853,20
2018-06-30,0.39505,-0.17937,0.12313,-0.0016299,20,0.41263,-0.92755,-0.55338,-3.6953,20,0.27705,-0.42131,-0.15776,-0.18265,20,0.26861,-0.2592,-0.16788,-0.31911,20,0.23106,0.093543,0.21173,0.4423,20,0.50569,-0.02276,1.422,2.2174,20,0.58775,-0.25077,-0.70761,-0.45784,20,0.18481,-0.12755,-0.093614,0.42049,20,0.18815,-0.040777,0.19828,-0.57967,20,0.19191,-0.014268,-0.67589,-0.13589,20,0.071538,0.47627,-0.16615,0.14903,20,0.22322,0.012481,-0.10045,0.36458,20,0.33869,1.3798,0.46733,-0.16828,20,0.30136,-0.068094,0.54218,-0.8522,20,-0.096949,0.88313,0.31198,1.6049,20
2018-09-30,0.39185,-0.17671,0.14902,-0.080573,20,0.37216,-0.9518,-0.71286,-3.3948,20,0.3003,-0.43123,-0.19866,-0.2323,20,0.24548,-0.24807,-0.057399,-0.58617,20,0.1797,0.10244,0.22615,0.40638,20,0.57334,-0.023583,1.4167,2.1104,20,0.62622,-0.2567,-0.62163,-1.1304,20,0.19331,-0.12593,-0.071639,0.36021,20,0.15346,-0.022618,0.24463,-0.48871,20,0.19557,0.0022776,-0.61494,-0.38104,20,0.055684,0.4824,-0.14556,0.12803,20,0.36888,0.0066133,-0.1503,0.37097,20,0.34391,1.3953,0.4618,-0.41885,20,0.26918,-0.04763,0.5653,-0.7674,20,-0.074359,0.86548,0.30907,1.6006,20
2018-12-31,0.35897,-0.15981,0.36774,-0.29022,20,0.4445,-0.91497,-0.18593,-4.1343,20,0.32232,-0.41639,0.02907,-0.5309,20,0.31104,-0.23663,0.24571,-0.90679,20,0.15106,0.10948,0.36718,0.31621,20,0.36138,0.011284,1.7434,1.6878,20,0.42611,-0.19344,-0.22311,-1.7306,20,0.21311,-0.12641,-0.04873,0.31767,20,0.13467,-0.047682,0.28556,-0.58718,20,0.1148,0.065043,-0.37002,-0.71364,20,0.055358,0.4952,-0.089339,0.073112,20,0.29557,0.012964,-0.093359,0.24438,20,0.45447,1.3443,0.34465,-0.19883,20,0.17296,0.096117,0.62092,-1.1044,20,-0.077564,0.80033,0.32141,1.5993,20
2019-03-31,0.3343,-0.20257,0.3521,-0.38493,20,0.53561,-0.6568,-0.39354,-3.9371,20,0.27369,-0.45787,0.020329,-0.57909,20,0.34856,-0.18371,0.14711,-0.96907,20,0.17603,0.059273,0.35135,0.25888,20,0.34439,-0.15547,1.7768,1.4351,20,0.38621,-0.27488,-0.2712,-1.9526,20,0.22056,-0.12539,-0.08528,0.26469,20,0.10169,-0.06963,0.27016,-0.84739,20,0.077905,0.010241,-0.33393,-0.88692,20,0.062832,0.50446,-0.099249,0.10586,20,0.29216,-0.029516,-0.07603,0.14804,20,0.61052,1.4293,0.28849,-0.042179,20,0.15048,0.046983,0.62855,-1.3664,20,-0.11017,0.83238,0.36873,1.4367,20
2019-06-30,0.33295,-0.17012,0.35776,-0.33919,20,0.56684,-0.33914,-0.061289,-3.665,20,0.27921,-0.34608,0.0079614,-0.45639,20,0.33841,-0.20211,0.034398,-0.97668,20,0.16751,0.066314,0.41099,0.26546,20,0.34394,-0.18144,1.9811,1.3906,20,0.37777,-0.29892,-0.35476,-2.0387,20,0.22209,-0.10351,-0.1121,0.28525,20,0.08161,-0.12324,0.1056,-0.88531,20,0.071313,-0.0034493,-0.51761,-0.78967,20,0.061088,0.51883,-0.076176,0.12335,20,0.30825,-0.018933,0.091777,0.15909,20,0.57733,1.2032,0.029294,-0.53626,20,0.15019,0.11469,0.64142,-1.3307,20,-0.095477,0.83049,0.38987,1.3886,20
2019-09-30,0.31753,-0.20831,0.06459,-0.40303,20,0.60412,-0.50795,-0.22385,-3.981,20,0.27942,-0.35627,-0.084572,-0.48627,20,0.34226,-0.24915,-0.10673,-1.0656,20,0.1611,0.045781,0.2768,0.21614,20,0.32599,-0.23119,1.7243,1.2522,20,0.3937,-0.2912,-0.27093,-2.0428,20,0.22709,-0.10051,-0.068993,0.28402,20,0.076792,-0.16181,-0.027897,-0.96267,20,0.079967,-0.019081,-0.56832,-0.83278,20,0.062138,0.52403,0.011295,0.14749,20,0.31693,-0.0098491,0.35829,0.20887,20,0.53657,1.2111,-0.32155,-0.49489,20,0.13191,-0.14373,0.59568,-1.442,20,-0.097456,0.83643,0.52952,1.4049,20
2019-12-31,0.33119,-0.21047,-0.012358,-0.4934,20,0.71614,-0.65145,0.44715,-2.98,20,0.31618,-0.38587,-0.05799,-0.39628,20,0.39573,-0.30888,0.11368,-0.69633,20,0.20833,0.058364,0.12979,0.17814,20,0.3443,-0.22108,2.017,1.2594,20,0.38987,-0.28858,-0.31272,-2.0907,20,0.22134,-0.10024,-0.017427,0.31508,20,0.11434,-0.2229,-0.047545,-1.0143,20,0.11099,-0.088128,-0.32861,-0.57812,20,0.085949,0.53867,-0.092307,0.1144,20,0.29848,-0.021198,0.48839,0.22022,20,0.51289,1.1536,0.14708,0.013006,20,0.14176,-0.24007,0.50158,-1.9435,20,-0.10892,0.84838,0.66326,1.3503,20
2020-03-31,0.5704,-0.21312,0.010166,1.0998,20,0.82368,-0.67572,0.50758,-0.0012112,20,0.53233,-0.39025,-0.037034,1.0023,20,0.66263,-0.34036,0.16801,1.2052,20,0.039197,0.093927,0.11024,0.38011,20,0.20063,-0.23219,2.0387,1.1953,20,0.44773,-0.36034,-0.21819,-0.078717,20,0.27063,-0.12328,0.0044475,0.30529,20,0.18359,-0.50099,-0.16201,0.24708,20,0.41247,-0.45165,-0.59547,1.282,20,-0.065816,0.23755,-0.076653,0.44351,20,0.18109,-0.004727,0.49919,0.14763,20,0.86553,0.50387,0.24508,2.5013,20,0.22164,-0.26051,0.37834,-0.16158,20,-0.055466,0.12496,0.65608,1.3449,20
2020-06-30,0.62432,-0.010954,0.021349,1.1735,20,1.0734,0.15473,1.5821,0.84117,20,0.44344,-0.52068,-0.52031,0.60861,20,0.86293,0.26234,0.7612,1.7591,20,0.056038,0.054554,-0.11835,0.29716,20,0.21613,-0.23653,1.7988,1.0885,20,0.50966,-0.04779,0.051493,0.14216,20,0.27706,-0.11072,0.029222,0.29596,20,0.16824,-0.47788,-0.31452,0.14849,20,0.37897,-0.45738,-0.64643,1.0139,20,-0.060316,0.21819,-0.14285,0.41231,20,0.19207,-0.066473,0.38605,0.079786,20,0.79276,0.20849,-0.45761,1.5059,20,0.19345,-0.26318,0.16755,-0.12927,20,-0.053527,0.015547,0.63464,1.3343,20
2020-09-30,0.67494,-0.03967,0.77538,0.96516,20,1.1375,0.10582,2.7019,0.47118,20,0.51174,-0.58327,0.93562,0.16807,20,0.93683,0.22332,1.464,1.4429,20,0.10078,0.049432,0.2011,0.30474,20,-0.11748,-0.16692,1.0333,1.0259,20,0.50483,-0.040142,0.20299,0.22291,20,0.28817,-0.11689,0.1575,0.25504,20,0.19316,-0.49139,0.070614,-0.025879,20,0.43064,-0.43285,0.18651,0.75825,20,-0.05243,0.2151,-0.066323,0.41506,20,-0.0060462,-0.03403,-0.22601,0.038033,20,0.84033,0.23751,-0.30204,1.3187,20,0.20639,-0.13952,0.23915,-0.25795,20,-0.16021,0.043157,0.26686,1.324,20
2020-12-31,0.69296,-0.12446,0.62869,0.78546,20,1.4747,-0.40086,2.2846,-1.3533,20,0.68884,-0.90578,0.4642,-0.7907,20,1.0949,-0.036726,1.2703,0.48911,20,0.16398,-0.0045459,0.070967,0.3313,20,-0.034346,-0.24922,0.87483,1.0492,20,0.58653,-0.093643,0.33428,-0.2137,20,0.3036,-0.16625,0.054918,0.14961,20,0.21095,-0.53983,0.077143,-0.12083,20,0.41945,-0.44706,0.14212,0.75006,20,-0.050103,0.20436,-0.050487,0.41614,20,-0.0435,0.017117,-0.078959,0.026725,20,0.85731,0.26558,-0.14155,1.147,20,0.22712,-0.33066,0.24602,-0.40932,20,-0.1017,-0.051009,0.096868,1.3054,20
2021-03-31,0.69435,-0.18787,0.88807,0.75542,20,1.4368,0.80271,4.0648,-0.91262,20,0.67775,-0.23408,-0.29562,-0.61856,20,1.0952,-0.17489,2.1085,0.44469,20,0.17233,-0.023986,-0.25334,0.33462,20,0.035428,-0.51343,0.28807,1.0561,20,0.57604,0.21938,0.80546,-0.096375,20,0.3006,-0.18014,0.46625,0.14268,20,0.24441,-0.37758,-0.66058,-0.010162,20,0.41825,-0.21108,-0.59179,0.91342,20,-0.036894,0.21373,-0.083256,0.38734,20,-0.026736,-0.024787,-0.567,0.03279,20,0.87444,-0.047973,-0.90256,0.76449,20,0.22881,-0.60707,0.022963,-0.36655,20,-0.090697,0.092629,-0.15542,1.2975,20
2021-06-30,0.71102,-0.071851,1.4483,0.59692,20,1.4101,0.76002,3.0993,-0.57413,20,0.70622,-0.052473,0.71001,-0.89795,20,1.0649,-0.26555,1.2497,0.81139,20,0.17973,-8.4128e-05,-0.19565,0.33681,20,0.092547,-0.46593,0.65893,1.0623,20,0.58257,0.28076,0.98475,-0.15098,20,0.30032,-0.18114,0.46274,0.14758,20,0.27028,-0.31647,-0.24921,-0.044637,20,0.45188,0.0069349,0.55869,0.77287,20,-0.034316,0.21572,-0.043867,0.39033,20,-0.021735,-0.027548,-0.52362,0.032579,20,0.89369,-0.02056,-0.48569,0.51372,20,0.22518,-0.55786,0.0031616,-0.34199,20,-0.034615,0.066232,-0.1105,1.2784,20
2021-09-30,0.70754,-0.083443,1.2759,0.64666,20,1.4092,0.71384,3.0848,-0.38042,20,0.69964,-0.086084,1.1879,-0.72873,20,1.0957,-0.23661,-0.18153,0.59225,20,0.17311,0.0019665,-0.086306,0.33446,20,0.062271,-0.47095,0.74798,1.0525,20,0.60729,0.30606,-0.064301,-0.32748,20,0.29656,-0.1852,0.46779,0.17444,20,0.25559,-0.32445,0.19471,0.063172,20,0.41912,-0.096353,1.8111,1.0398,20,-0.035302,0.21317,-0.038981,0.39234,20,-0.017453,-0.025781,-0.44425,0.032478,20,0.89029,-0.04465,-0.20546,0.55995,20,0.22675,-0.47533,0.023763,-0.27405,20,-0.040943,0.0741,-0.026268,1.2741,20
2021-12-31,0.70576,-0.20909,1.3054,0.69617,20,1.3788,0.68212,2.4675,0.46254,20,0.69829,-0.020543,0.99933,-0.69158,20,1.097,-0.36044,-0.063275,0.55349,20,0.1091,-0.12711,-0.080176,0.34354,20,0.10945,-0.59076,0.80528,1.0462,20,0.60114,0.33606,-0.16008,-0.15057,20,0.29566,-0.19045,0.38572,0.18702,20,0.25651,-0.49167,0.74203,-0.30313,20,0.42897,-0.17198,2.0768,0.83123,20,-0.0715,0.13499,-0.021161,0.37494,20,-0.0562,-0.077897,-0.41942,0.037321,20,0.8925,-0.35257,0.26051,0.42342,20,0.22402,-0.55298,0.062269,-0.19311,20,-0.018639,-0.039902,0.0015373,1.2796,20
2022-03-31,0.71928,-0.041273,1.1565,0.54786,20,1.5551,1.5892,1.6188,-0.80116,20,0.7407,0.16086,0.60696,-1.0358,20,1.173,0.26642,-0.60104,-0.019174,20,0.09072,-0.14266,-0.053952,0.33404,20,0.090735,-0.4804,0.6865,1.0336,20,0.63138,0.42103,-0.23848,-0.33949,20,0.28855,-0.17732,0.35842,0.21137,20,0.21623,-0.43403,0.78877,-0.27908,20,0.43852,-0.057388,2.0108,0.81544,20,-0.057029,0.27464,0.0027728,0.41053,20,-0.0396,-0.028705,-0.43558,0.040589,20,0.88961,-0.27904,0.10972,0.3326,20,0.22061,-0.40169,0.03647,-0.10523,20,-0.023887,0.25802,0.0046979,1.268,20
2022-06-30,0.68898,-0.057978,1.4221,0.59542,20,1.6247,1.5639,-0.52715,-0.97256,20,0.71994,0.044341,-0.1177,-0.68782,20,1.0856,0.10076,-2.1926,0.49902,20,0.1446,-0.075538,0.45271,0.35257,20,0.073194,-0.45165,1.118,1.0381,20,0.55379,0.23237,-1.6501,0.18293,20,0.2652,-0.18396,0.14347,0.30766,20,0.20341,-0.36316,0.73547,-0.15193,20,0.51262,0.14336,3.2742,0.84341,20,-0.073736,0.29727,0.029236,0.38455,20,-0.019086,-0.026015,-0.21519,0.03982,20,0.91561,-0.15966,0.78698,0.094533,20,0.21271,-0.1491,0.16351,-0.096782,20,-0.017017,0.40356,0.10352,1.2665,20
2022-09-30,0.68619,-0.048963,1.2277,0.57223,20,1.5208,1.059,-4.1918,0.23625,20,0.71703,-0.0082775,-0.59741,-0.54856,20,1.0721,0.057719,-2.4233,0.60067,20,0.17753,-0.0097024,0.61413,0.35517,20,0.080603,-0.42168,1.2176,1.0385,20,0.56949,0.28075,-1.1635,0.0055859,20,0.25938,-0.18278,0.11251,0.33184,20,0.26546,-0.092844,1.7724,-0.21882,20,0.52616,0.18253,2.9338,0.89617,20,-0.03826,0.35462,0.24426,0.40007,20,-0.032606,-0.042068,-0.0939,0.032828,20,0.93842,-0.043195,1.1006,-0.065027,20,0.22066,0.12015,0.15026,-0.082293,20,-0.023169,0.45896,0.035271,1.2631,20
2022-12-31,0.71824,-0.01148,0.99466,0.55408,20,1.3782,0.78927,-2.9393,0.1721,20,0.6968,-0.0357,-0.44801,-0.54374,20,1.0657,0.029873,-2.3092,0.57526,20,0.17534,0.0004367,0.56983,0.36484,20,0.086901,-0.41391,1.1512,1.0497,20,0.56222,0.27644,-1.0982,0.018349,20,0.25459,-0.19389,0.15015,0.32611,20,0.16709,-0.16147,2.4207,-0.19588,20,0.48722,0.13808,3.1825,0.91098,20,-0.038741,0.35596,0.26723,0.39104,20,-0.039549,-0.046113,-0.074081,0.025513,20,0.93512,-0.048272,1.1177,-0.081084,20,0.23686,0.074439,0.06991,-0.060341,20,-0.032214,0.47021,0.072924,1.2482,20
2023-03-31,0.7014,-0.055486,1.0173,0.68894,20,1.3931,0.86028,-3.0222,0.068111,20,0.68189,-0.088809,-0.42376,-0.38316,20,1.0692,0.070553,-2.3694,0.57483,20,0.18366,0.02082,0.567,0.3669,20,0.063323,-0.42797,1.1636,1.0502,20,0.55175,0.25046,-1.1002,0.12366,20,0.25131,-0.19941,0.1543,0.3478,20,0.18469,-0.087764,2.427,-0.25336,20,0.48854,0.14151,3.1438,0.94169,20,-0.03344,0.36968,0.25586,0.39792,20,-0.047089,-0.051143,-0.080323,0.026939,20,0.91896,-0.12211,1.1796,-0.049684,20,0.24264,0.067132,-0.0030965,-0.020258,20,-0.03301,0.47781,0.06664,1.2505,20
2023-06-30,0.69195,0.009755,1.3783,0.73327,20,1.3965,1.0497,-2.1721,0.2763,20,0.67337,-0.016775,0.32554,-0.33399,20,1.0505,0.20645,-0.59962,0.67155,20,0.19032,0.012066,0.38278,0.36822,20,0.056797,-0.40037,1.1946,1.0473,20,0.54254,0.32362,-0.27387,0.18215,20,0.25006,-0.18321,0.25293,0.35677,20,0.1791,-0.071629,2.3472,-0.29717,20,0.47557,0.18416,3.2775,0.87133,20,-0.039916,0.37395,0.24519,0.39969,20,-0.048775,-0.048533,-0.091208,0.029347,20,0.91725,-0.086095,1.2081,0.091351,20,0.23934,0.11951,0.03238,-0.0029301,20,-0.03343,0.47555,0.076637,1.2492,20
2023-09-30,0.70387,0.051236,1.1793,0.57367,20,1.4074,1.071,-2.3951,0.11945,20,0.67896,-0.0088571,0.30129,-0.36361,20,1.0547,0.20963,-1.1011,0.66574,20,0.17669,0.0063612,0.40802,0.3704,20,0.058431,-0.39281,1.142,1.0526,20,0.54345,0.31274,-0.52797,0.21722,20,0.24557,-0.18915,0.21027,0.39682,20,0.17942,-0.050067,2.5873,-0.28323,20,0.50088,0.3013,3.4974,0.62744,20,-0.041322,0.37691,0.23201,0.40028,20,-0.034805,-0.033405,-0.060843,0.025431,20,0.92252,-0.072739,1.0679,0.072437,20,0.24303,0.13491,-0.0086596,-0.034586,20,-0.032803,0.4978,0.082778,1.2488,20
2023-12-31,0.7208,-0.1639,1.178,0.51331,20,1.4584,0.49109,-2.2366,-0.12011,20,0.69605,-0.2044,0.23384,-0.45865,20,1.0916,-0.21695,-1.1125,0.51639,20,0.23133,0.028193,0.33627,0.37927,20,0.062347,-0.46237,1.0399,1.0479,20,0.56594,0.043405,-0.49224,0.11674,20,0.23491,-0.17598,0.21805,0.44815,20,0.15494,-0.25711,2.9426,-0.82234,20,0.52213,0.00092012,3.8599,-0.054801,20,-0.0057453,0.40266,0.21209,0.40893,20,-0.014314,-0.0364,-0.080545,0.034067,20,1.0162,-0.034965,0.70531,-0.33787,20,0.26858,0.11569,0.038712,-0.2523,20,-0.043483,0.62677,0.10273,1.2427,20
2024-03-31,0.72533,-0.017607,1.4576,0.59472,20,1.4514,0.64901,-1.6997,0.032016,20,0.70896,-0.026464,0.54101,-0.38913,20,1.0929,-0.052419,-0.58298,0.6207,20,0.20623,0.04447,0.38612,0.38647,20,0.075197,-0.39587,1.1041,1.0666,20,0.55671,0.16132,-0.039512,0.23434,20,0.23655,-0.1807,0.21166,0.43392,20,0.15952,-0.29278,2.7247,-1.0041,20,0.53965,0.029944,3.6051,-0.24602,20,0.0011603,0.39292,0.16521,0.41085,20,-0.016057,-0.036516,-0.065966,0.034361,20,0.97405,-0.037342,1.5036,0.0074997,20,0.26702,0.19582,0.014253,-0.06958,20,-0.045469,0.60172,0.097041,1.2468,20
2024-06-30,0.7257,-0.0079046,1.4194,0.59871,20,1.4502,0.58637,-1.7436,-0.0042014,20,0.70892,-0.063294,0.50588,-0.39797,20,1.0937,-0.021225,-0.63206,0.63212,20,0.21363,0.046804,0.39594,0.38621,20,0.070827,-0.39111,1.0872,1.0712,20,0.55728,0.2117,-0.064694,0.24416,20,0.23657,-0.19733,0.20781,0.43478,20,0.15934,-0.309,2.7495,-1.1275,20,0.53922,0.0076375,3.622,-0.35778,20,0.0076221,0.37886,0.17456,0.40803,20,-0.0092644,-0.044149,-0.063526,0.03354,20,0.97465,-0.02648,1.4647,0.041317,20,0.26721,0.19527,0.0024128,-0.05714,20,-0.055414,0.58358,0.089632,1.2502,20
2024-09-30,0.71844,-0.038429,1.4203,0.65281,20,1.4294,0.68977,-1.8837,0.14723,20,0.70246,-0.14491,0.53358,-0.34464,20,1.0914,0.010683,-0.65506,0.64624,20,0.20869,0.070436,0.39101,0.38611,20,0.051015,-0.35113,1.072,1.0683,20,0.55859,0.21334,-0.070851,0.23347,20,0.23465,-0.17735,0.20181,0.44714,20,0.16231,-0.26176,2.7594,-1.2038,20,0.53886,-0.043705,3.7351,-0.54306,20,0.013385,0.40474,0.1778,0.41366,20,0.0054918,-0.068836,-0.049135,0.033147,20,1.0095,0.11366,1.5109,-0.073199,20,0.26714,0.2195,-0.15568,0.091884,20,-0.046244,0.61494,0.097107,1.2513,20
2024-12-31,0.72489,-0.038057,1.4312,0.57703,20,1.402,0.695,-1.8906,0.35884,20,0.70259,-0.1447,0.53599,-0.33743,20,1.0921,0.015609,-0.64192,0.60396,20,0.24169,0.098861,0.3878,0.38544,20,0.089056,-0.35251,1.0776,1.068,20,0.56506,0.21999,-0.049511,0.16054,20,0.23585,-0.18583,0.18063,0.44167,20,,,,,,0.53879,-0.012334,3.791,-0.51713,20,0.017075,0.40157,0.15516,0.41813,20,-0.0054094,-0.079864,-0.060156,0.035302,20,1.039,0.16241,1.4913,-0.27426,20,0.27265,0.29886,-0.22645,0.03882,20,-0.032943,0.62475,0.081574,1.2576,20
2025-03-31,0.66774,-0.029917,1.2679,0.59586,20,1.6336,0.0041671,-0.49563,2.8709,20,0.66805,0.067386,0.34665,-0.93475,20,1.1506,-0.29983,0.39677,1.7652,20,0.21093,0.22802,0.38514,0.26313,20,0.17812,-0.19067,0.92739,0.77065,20,0.60364,0.11081,0.23283,0.69871,20,0.17714,-0.16043,0.26413,0.31415,20,,,,,,0.46804,0.32607,3.3224,-1.0785,20,-0.0018503,0.63128,0.17447,0.27253,20,-0.0019797,-0.082002,-0.074658,-0.021113,20,0.93779,0.79552,1.1268,-1.0763,20,0.26682,0.46722,-0.36903,-0.17896,20,-0.027562,1.1495,0.04474,1.2892,20
2025-06-30,0.59385,0.011089,1.4566,1.1032,20,1.4231,0.094979,0.34492,4.7681,20,0.77407,0.21342,1.4687,2.0537,20,0.9687,-0.28125,0.64148,1.7309,20,0.14495,0.18419,0.3993,0.69589,20,0.14741,-0.18044,0.85357,1.0051,20,0.53039,0.12197,0.33411,0.74377,20,0.15146,-0.15329,0.28415,0.44373,20,,,,,,0.48118,0.3083,2.8732,-2.4915,20,0.024776,0.61736,0.10805,0.19462,20,-0.057069,-0.098265,0.1171,-0.031793,20,0.99532,0.73485,1.4896,-0.71437,20,0.3382,0.29807,-0.41872,-0.071887,20,-0.01808,1.0828,0.090021,1.168,20
2025-09-30,0.55134,0.0051695,1.3121,1.1227,20,1.3891,0.13725,-0.27625,4.5833,20,0.72224,0.21598,1.166,2.0341,20,0.94542,-0.28109,0.54199,1.7301,20,0.13011,0.17385,0.34515,0.64771,20,0.12982,-0.18592,0.88418,0.96292,20,0.50588,0.13263,0.056537,0.69394,20,0.15207,-0.14864,0.27936,0.42554,20,,,,,,0.44299,0.30003,2.8595,-2.4548,20,,,,,,,,,,,1.0072,0.70946,1.886,-0.64493,20,0.32131,0.26656,-0.45056,-0.053527,20,-0.013284,1.0858,0.15704,1.1892,20
2025-12-31,0.50098,0.065404,1.235,0.89198,20,0.82809,1.2355,-1.9256,0.62473,20,0.46963,0.67573,0.65043,0.3805,20,0.66962,0.22142,-0.14075,-0.1975,20,0.11882,0.1931,0.36182,0.58708,20,0.12987,-0.17256,0.87853,0.86018,20,0.34032,0.46697,-0.36446,-0.50105,20,0.11882,-0.096778,0.16099,0.19933,20,,,,,,0.43976,0.34103,2.7255,-2.7238,20,,,,,,,,,,,1.0032,0.78115,1.8608,-0.8921,20,0.30573,0.33244,-0.50794,-0.2457,20,-0.022402,1.0968,0.13692,1.0842,20
2026-03-31,,,,,,,,,,,,,,,,,,,,,0.1409,0.20195,0.37115,0.62495,20,,,,,,,,,,,0.11123,-0.0095041,0.054672,0.24029,20,,,,,,,,,,,,,,,,,,,,,0.959,1.2071,1.4972,-0.39615,20,0.31378,0.31717,-0.52266,-0.25405,20,-0.023594,1.1134,0.18039,1.0806,20
