code,order,theta_source,theta,theta_se,sum_theta,mean_reported,mean_unsmoothed,vol_reported_ann,vol_unsmoothed_ann,vol_mult,ac1_reported,ac1_unsmoothed,lb4_p_unsmoothed,n
buyout,1,rolling(mean/sd),0.239,0.202,0.238594,0.0309895,0.0301254,0.104835,0.151278,1.44301,0.356162,0.0588761,0.0550277,104
vc,1,rolling(mean/sd),0.450,0.200,0.449714,0.0225514,0.0222976,0.138741,0.260153,1.8751,0.638184,-0.0481634,0.116222,104
fof_secondary,1,rolling(mean/sd),0.307,0.202,0.30743,0.0319113,0.0317118,0.0962579,0.144732,1.50359,0.395034,0.0156248,0.512014,96
fof_primary,1,rolling(mean/sd),0.406,0.257,0.406138,0.0179219,0.017586,0.0926221,0.175497,1.89476,0.598717,0.0380973,0.0942117,104
senior_loan,0,-,,,0,0.0186422,0.0186422,0.0459485,0.0459485,1,-0.0319583,-0.0319583,0.135807,64
mezzanine,1,rolling(mean/sd),0.228,0.226,0.227597,0.0259838,0.0274467,0.108071,0.155776,1.44143,0.299354,0.152612,0.00839388,104
apac_equity,1,rolling(mean/sd),0.257,0.210,0.256831,0.0254819,0.0260792,0.1186,0.183777,1.54955,0.376543,-0.0317987,0.478641,104
hfri_fof_cons,0,-,,,0,0.00950604,0.00950604,0.0479131,0.0479131,1,0.201782,0.201782,0.18463,105
msci_gpfi,1,rolling(mean/sd),0.353,0.312,0.353031,0.00910846,0.00953605,0.0746831,0.154425,2.06774,0.637543,0.211449,0.442384,67
re_noncore,1,rolling(mean/sd),0.368,0.310,0.368017,0.0181667,0.0177353,0.105728,0.212338,2.00835,0.593445,0.00106908,0.00585929,104
gl1,0,-,,,0,0.00950893,0.00950893,0.0374673,0.0374673,1,0.0787955,0.0787955,0.978964,54
gl2,0,-,,,0,0.0206532,0.0206532,0.0246145,0.0246145,1,-0.0278334,-0.0278334,0.960542,54
epra_nareit,0,-,,,0,0.022862,0.022862,0.194395,0.194395,1,0.099299,0.099299,0.51108,105
infra_core,0,-,,,0,0.0155372,0.0155372,0.0827295,0.0827295,1,0.12225,0.12225,0.23393,78
ftse_fi_infra,0,-,,,0,0.0115914,0.0115914,0.0779542,0.0779542,1,0.00809835,0.00809835,0.496715,64
